{
    "adult": false,
    "backdrop_path": "/agoBZfL1q5G79SD0npArSlJn8BH.jpg",
    "belongs_to_collection": null,
    "budget": 0,
    "genres": [{
        "id": 35,
        "name": "Comedy"
    }, {
        "id": 10752,
        "name": "War"
    }, {
        "id": 18,
        "name": "Drama"
    }],
    "homepage": "http://www.foxsearchlight.com/jojorabbit",
    "id": 515001,
    "imdb_id": "tt2584384",
    "original_language": "en",
    "original_title": "Jojo Rabbit",
    "overview": "A World War II satire that follows a lonely German boy whose world view is turned upside down when he discovers his single mother is hiding a young Jewish girl in their attic. Aided only by his idiotic imaginary friend, Adolf Hitler, Jojo must confront his blind nationalism.",
    "popularity": 222.58,
    "poster_path": "/7GsM4mtM0worCtIVeiQt28HieeN.jpg",
    "production_companies": [{
        "id": 22213,
        "logo_path": "/qx9K6bFWJupwde0xQDwOvXkOaL8.png",
        "name": "TSG Entertainment",
        "origin_country": "US"
    }, {
        "id": 6510,
        "logo_path": null,
        "name": "Defender Films",
        "origin_country": "NZ"
    }, {
        "id": 76342,
        "logo_path": "/i53Cvs0mWLEhrRaPOpUXj4lJxDJ.png",
        "name": "Piki Films",
        "origin_country": "NZ"
    }, {
        "id": 20473,
        "logo_path": null,
        "name": "Czech Anglo Productions",
        "origin_country": ""
    }],
    "production_countries": [{
        "iso_3166_1": "CZ",
        "name": "Czech Republic"
    }, {
        "iso_3166_1": "NZ",
        "name": "New Zealand"
    }, {
        "iso_3166_1": "US",
        "name": "United States of America"
    }],
    "release_date": "2019-10-18",
    "revenue": 0,
    "runtime": 108,
    "spoken_languages": [{
        "iso_639_1": "en",
        "name": "English"
    }, {
        "iso_639_1": "de",
        "name": "Deutsch"
    }],
    "status": "Released",
    "tagline": "An anti-hate satire.",
    "title": "Jojo Rabbit",
    "video": false,
    "vote_average": 8.1,
    "vote_count": 1588
}