[{
        "ID": "1",
        "Name": "Senpai",
        "Gender": "1",
        "Class": "32",
        "Club": "0",
        "Persona": "1",
        "Crush": "0",
        "BreastSize": "0",
        "Strength": "0",
        "Hairstyle": "1",
        "Color": "Black",
        "Stockings": "None",
        "Accessory": "0",
        "ScheduleTime": "7_7_8_13.01_13.375_15.5_99",
        "ScheduleDestination": "Spawn_Locker_Hangout_Seat_LunchSpot_Seat_Hangout",
        "ScheduleAction": "Stand_Stand_Read_Sit_Read_Sit_Read"
    },
    {
        "ID": "2",
        "Name": "Yui Rio",
        "Gender": "0",
        "Class": "11",
        "Club": "0",
        "Persona": "5",
        "Crush": "0",
        "BreastSize": "0.5",
        "Strength": "0",
        "Hairstyle": "2",
        "Color": "Red",
        "Stockings": "None",
        "Accessory": "0",
        "ScheduleTime": "7_7_8_13_13.375_15.5_17.25_17.5_99",
        "ScheduleDestination": "Spawn_Locker_Hangout_Seat_LunchSpot_Seat_Club_Locker_Exit",
        "ScheduleAction": "Stand_Stand_Socialize_Sit_Socialize_Sit_SocialSit_Shoes_Stand"
    },
    {
        "ID": "3",
        "Name": "Yuna Hina",
        "Gender": "0",
        "Class": "12",
        "Club": "0",
        "Persona": "6",
        "Crush": "0",
        "BreastSize": "0.8",
        "Strength": "0",
        "Hairstyle": "3",
        "Color": "Yellow",
        "Stockings": "None",
        "Accessory": "0",
        "ScheduleTime": "7_7_8_13_13.375_15.5_17.25_17.5_99",
        "ScheduleDestination": "Spawn_Locker_Hangout_Seat_LunchSpot_Seat_Club_Locker_Exit",
        "ScheduleAction": "Stand_Stand_Socialize_Sit_Socialize_Sit_SocialSit_Shoes_Stand"
    },
    {
        "ID": "4",
        "Name": "Koharu Hinata",
        "Gender": "0",
        "Class": "21",
        "Club": "0",
        "Persona": "6",
        "Crush": "0",
        "BreastSize": "1.1",
        "Strength": "0",
        "Hairstyle": "4",
        "Color": "Green",
        "Stockings": "None",
        "Accessory": "0",
        "ScheduleTime": "7_7_8_13_13.375_15.5_17.25_17.5_99",
        "ScheduleDestination": "Spawn_Locker_Hangout_Seat_LunchSpot_Seat_Club_Locker_Exit",
        "ScheduleAction": "Stand_Stand_Socialize_Sit_Socialize_Sit_SocialSit_Shoes_Stand"
    },
    {
        "ID": "5",
        "Name": "Mei Mio",
        "Gender": "0",
        "Class": "22",
        "Club": "0",
        "Persona": "6",
        "Crush": "0",
        "BreastSize": "1.4",
        "Strength": "0",
        "Hairstyle": "5",
        "Color": "Blue",
        "Stockings": "None",
        "Accessory": "0",
        "ScheduleTime": "7_7_8_13_13.375_15.5_17.25_17.5_99",
        "ScheduleDestination": "Spawn_Locker_Hangout_Seat_LunchSpot_Seat_Club_Locker_Exit",
        "ScheduleAction": "Stand_Stand_Socialize_Sit_Socialize_Sit_SocialSit_Shoes_Stand"
    },
    {
        "ID": "6",
        "Name": "Saki Miyu",
        "Gender": "0",
        "Class": "31",
        "Club": "0",
        "Persona": "6",
        "Crush": "0",
        "BreastSize": "1.7",
        "Strength": "0",
        "Hairstyle": "6",
        "Color": "Cyan",
        "Stockings": "None",
        "Accessory": "0",
        "ScheduleTime": "7_7_8_13.01_13.375_15.5_17.25_17.5_99",
        "ScheduleDestination": "Spawn_Locker_Hangout_Seat_LunchSpot_Seat_Club_Locker_Exit",
        "ScheduleAction": "Stand_Stand_Socialize_Sit_Socialize_Sit_SocialSit_Shoes_Stand"
    },
    {
        "ID": "7",
        "Name": "Kokona Haruka",
        "Gender": "0",
        "Class": "32",
        "Club": "0",
        "Persona": "6",
        "Crush": "1",
        "BreastSize": "2",
        "Strength": "0",
        "Hairstyle": "7",
        "Color": "Purple",
        "Stockings": "None",
        "Accessory": "0",
        "ScheduleTime": "7_7_8_13.01_13.375_15.5_17.25_17.5_99",
        "ScheduleDestination": "Spawn_Locker_Hangout_Seat_LunchSpot_Seat_Club_Locker_Exit",
        "ScheduleAction": "Stand_Stand_Socialize_Sit_Socialize_Sit_SocialSit_Shoes_Stand"
    },
    {
        "ID": "8",
        "Name": "Haruto Yuto",
        "Gender": "1",
        "Class": "11",
        "Club": "0",
        "Persona": "2",
        "Crush": "0",
        "BreastSize": "0",
        "Strength": "0",
        "Hairstyle": "2",
        "Color": "Red",
        "Stockings": "None",
        "Accessory": "3",
        "ScheduleTime": "7_7_8_13_13.375_15.5_16_99",
        "ScheduleDestination": "Spawn_Locker_Hangout_Seat_LunchSpot_Seat_Locker_Exit",
        "ScheduleAction": "Stand_Stand_Socialize_Sit_Socialize_Sit_Shoes_Stand"
    },
    {
        "ID": "9",
        "Name": "Sota Yuki",
        "Gender": "1",
        "Class": "12",
        "Club": "0",
        "Persona": "2",
        "Crush": "0",
        "BreastSize": "0",
        "Strength": "0",
        "Hairstyle": "3",
        "Color": "Yellow",
        "Stockings": "None",
        "Accessory": "0",
        "ScheduleTime": "7_7_8_13_13.375_15.5_16_99",
        "ScheduleDestination": "Spawn_Locker_Hangout_Seat_LunchSpot_Seat_Locker_Exit",
        "ScheduleAction": "Stand_Stand_Socialize_Sit_Socialize_Sit_Shoes_Stand"
    },
    {
        "ID": "10",
        "Name": "Hayato Haruki",
        "Gender": "1",
        "Class": "21",
        "Club": "0",
        "Persona": "2",
        "Crush": "0",
        "BreastSize": "0",
        "Strength": "0",
        "Hairstyle": "4",
        "Color": "Green",
        "Stockings": "None",
        "Accessory": "0",
        "ScheduleTime": "7_7_8_13_13.375_15.5_16_99",
        "ScheduleDestination": "Spawn_Locker_Hangout_Seat_LunchSpot_Seat_Locker_Exit",
        "ScheduleAction": "Stand_Stand_Socialize_Sit_Socialize_Sit_Shoes_Stand"
    },
    {
        "ID": "11",
        "Name": "Ryusei Koki",
        "Gender": "1",
        "Class": "22",
        "Club": "0",
        "Persona": "2",
        "Crush": "0",
        "BreastSize": "0",
        "Strength": "0",
        "Hairstyle": "5",
        "Color": "Blue",
        "Stockings": "None",
        "Accessory": "0",
        "ScheduleTime": "7_7_8_13_13.375_15.5_16_99",
        "ScheduleDestination": "Spawn_Locker_Hangout_Seat_LunchSpot_Seat_Locker_Exit",
        "ScheduleAction": "Stand_Stand_Socialize_Sit_Socialize_Sit_Shoes_Stand"
    },
    {
        "ID": "12",
        "Name": "Sora Sosuke",
        "Gender": "1",
        "Class": "31",
        "Club": "0",
        "Persona": "2",
        "Crush": "0",
        "BreastSize": "0",
        "Strength": "0",
        "Hairstyle": "6",
        "Color": "Cyan",
        "Stockings": "None",
        "Accessory": "0",
        "ScheduleTime": "7_7_8_13_13.375_15.5_16_99",
        "ScheduleDestination": "Spawn_Locker_Hangout_Seat_LunchSpot_Seat_Locker_Exit",
        "ScheduleAction": "Stand_Stand_Socialize_Sit_Socialize_Sit_Shoes_Stand"
    },
    {
        "ID": "13",
        "Name": "Riku Soma",
        "Gender": "1",
        "Class": "32",
        "Club": "0",
        "Persona": "2",
        "Crush": "7",
        "BreastSize": "0",
        "Strength": "0",
        "Hairstyle": "7",
        "Color": "Purple",
        "Stockings": "None",
        "Accessory": "0",
        "ScheduleTime": "7_7_8_13_13.375_15.525_15.85_17.5_17.75_99",
        "ScheduleDestination": "Spawn_Locker_Hangout_Seat_LunchSpot_Seat_Stalk_Patrol_Locker_Exit",
        "ScheduleAction": "Stand_Stand_Socialize_Sit_Socialize_Sit_Stalk_Patrol_Shoes_Stand"
    },
    {
        "ID": "14",
        "Name": "Pippi Osu",
        "Gender": "0",
        "Class": "32",
        "Club": "11",
        "Persona": "1",
        "Crush": "15",
        "BreastSize": "1",
        "Strength": "0",
        "Hairstyle": "8",
        "Color": "Pippi",
        "Stockings": "None",
        "Accessory": "0",
        "ScheduleTime": "7_7_8_13_13.375_15.5_16_99",
        "ScheduleDestination": "Spawn_Locker_Hangout_Seat_Hangout_Seat_Hangout_Hangout",
        "ScheduleAction": "Stand_Stand_Game_Sit_Game_Sit_Game_Game"
    },
    {
        "ID": "15",
        "Name": "Ryuto Ippongo",
        "Gender": "1",
        "Class": "32",
        "Club": "11",
        "Persona": "1",
        "Crush": "14",
        "BreastSize": "0",
        "Strength": "0",
        "Hairstyle": "8",
        "Color": "Red",
        "Stockings": "None",
        "Accessory": "1",
        "ScheduleTime": "7_7_8_13_13.375_15.5_16_99",
        "ScheduleDestination": "Spawn_Locker_Hangout_Seat_Hangout_Seat_Hangout_Hangout",
        "ScheduleAction": "Stand_Stand_Game_Sit_Game_Sit_Game_Game"
    },
    {
        "ID": "16",
        "Name": "Midori Gurin",
        "Gender": "0",
        "Class": "11",
        "Club": "11",
        "Persona": "6",
        "Crush": "0",
        "BreastSize": "1",
        "Strength": "0",
        "Hairstyle": "9",
        "Color": "Green",
        "Stockings": "None",
        "Accessory": "0",
        "ScheduleTime": "0_0_0",
        "ScheduleDestination": "Spawn_Hangout_Hangout",
        "ScheduleAction": "Stand_Text_Text"
    },
    {
        "ID": "17",
        "Name": "Sakyu Basu",
        "Gender": "0",
        "Class": "32",
        "Club": "0",
        "Persona": "6",
        "Crush": "0",
        "BreastSize": "1.5",
        "Strength": "0",
        "Hairstyle": "10",
        "Color": "Succubus1",
        "Stockings": "None",
        "Accessory": "3",
        "ScheduleTime": "7_7_8_13_13.375_15.5_16_99",
        "ScheduleDestination": "Spawn_Locker_Hangout_Seat_LunchSpot_Seat_Locker_Exit",
        "ScheduleAction": "Stand_Stand_Socialize_Sit_Eat_Sit_Shoes_Stand"
    },
    {
        "ID": "18",
        "Name": "Inkyu Basu",
        "Gender": "0",
        "Class": "32",
        "Club": "0",
        "Persona": "6",
        "Crush": "0",
        "BreastSize": "1",
        "Strength": "0",
        "Hairstyle": "11",
        "Color": "Succubus2",
        "Stockings": "None",
        "Accessory": "0",
        "ScheduleTime": "7_7_8_13_13.375_15.5_16_99",
        "ScheduleDestination": "Spawn_Locker_Hangout_Seat_LunchSpot_Seat_Locker_Exit",
        "ScheduleAction": "Stand_Stand_Socialize_Sit_Eat_Sit_Shoes_Stand"
    },
    {
        "ID": "19",
        "Name": "Kuu Dere",
        "Gender": "0",
        "Class": "32",
        "Club": "0",
        "Persona": "1",
        "Crush": "0",
        "BreastSize": "1",
        "Strength": "0",
        "Hairstyle": "12",
        "Color": "Kuudere",
        "Stockings": "None",
        "Accessory": "0",
        "ScheduleTime": "7_7_8_13_13.375_15.5_16_99",
        "ScheduleDestination": "Spawn_Locker_Hangout_Seat_Hangout_Seat_Locker_Exit",
        "ScheduleAction": "Stand_Stand_Read_Sit_Read_Sit_Shoes_Stand"
    },
    {
        "ID": "20",
        "Name": "Mai Waifu",
        "Gender": "0",
        "Class": "32",
        "Club": "11",
        "Persona": "1",
        "Crush": "99",
        "BreastSize": "2",
        "Strength": "0",
        "Hairstyle": "13",
        "Color": "Waifu",
        "Stockings": "None",
        "Accessory": "0",
        "ScheduleTime": "7_7_8_13_13.375_15.5_16_99",
        "ScheduleDestination": "Spawn_Locker_Hangout_Seat_Hangout_Seat_Locker_Exit",
        "ScheduleAction": "Stand_Stand_Stand_Sit_Stand_Sit_Shoes_Stand"
    },
    {
        "ID": "21",
        "Name": "Budo Masuta",
        "Gender": "1",
        "Class": "32",
        "Club": "6",
        "Persona": "3",
        "Crush": "99",
        "BreastSize": "0",
        "Strength": "5",
        "Hairstyle": "9",
        "Color": "Black",
        "Stockings": "None",
        "Accessory": "0",
        "ScheduleTime": "7_7_8_13_13.375_15.5_99",
        "ScheduleDestination": "Spawn_Locker_Club_Seat_Club_Seat_Club",
        "ScheduleAction": "Stand_Stand_Club_Sit_Club_Sit_Club"
    },
    {
        "ID": "22",
        "Name": "Sho Kunin",
        "Gender": "1",
        "Class": "22",
        "Club": "6",
        "Persona": "3",
        "Crush": "0",
        "BreastSize": "0",
        "Strength": "3",
        "Hairstyle": "10",
        "Color": "Brown",
        "Stockings": "None",
        "Accessory": "0",
        "ScheduleTime": "7_7_8_13_13.375_15.5_99",
        "ScheduleDestination": "Spawn_Locker_Club_Seat_Club_Seat_Club",
        "ScheduleAction": "Stand_Stand_Club_Sit_Club_Sit_Club"
    },
    {
        "ID": "23",
        "Name": "Juku Ren",
        "Gender": "1",
        "Class": "12",
        "Club": "6",
        "Persona": "2",
        "Crush": "0",
        "BreastSize": "0",
        "Strength": "1",
        "Hairstyle": "11",
        "Color": "Orange",
        "Stockings": "None",
        "Accessory": "0",
        "ScheduleTime": "7_7_8_13_13.375_15.5_99",
        "ScheduleDestination": "Spawn_Locker_Club_Seat_Club_Seat_Club",
        "ScheduleAction": "Stand_Stand_Club_Sit_Club_Sit_Club"
    },
    {
        "ID": "24",
        "Name": "Mina Rai",
        "Gender": "0",
        "Class": "21",
        "Club": "6",
        "Persona": "3",
        "Crush": "0",
        "BreastSize": "1",
        "Strength": "4",
        "Hairstyle": "14",
        "Color": "Brown",
        "Stockings": "None",
        "Accessory": "0",
        "ScheduleTime": "7_7_8_13_13.375_15.5_99",
        "ScheduleDestination": "Spawn_Locker_Club_Seat_Club_Seat_Club",
        "ScheduleAction": "Stand_Stand_Club_Sit_Club_Sit_Club"
    },
    {
        "ID": "25",
        "Name": "Shima Shita",
        "Gender": "0",
        "Class": "11",
        "Club": "6",
        "Persona": "3",
        "Crush": "0",
        "BreastSize": "1",
        "Strength": "2",
        "Hairstyle": "15",
        "Color": "Orange",
        "Stockings": "None",
        "Accessory": "0",
        "ScheduleTime": "7_7_8_13_13.375_15.5_99",
        "ScheduleDestination": "Spawn_Locker_Club_Seat_Club_Seat_Club",
        "ScheduleAction": "Stand_Stand_Club_Sit_Club_Sit_Club"
    },
    {
        "ID": "26",
        "Name": "Oka Ruto",
        "Gender": "0",
        "Class": "32",
        "Club": "3",
        "Persona": "4",
        "Crush": "1",
        "BreastSize": "1",
        "Strength": "0",
        "Hairstyle": "16",
        "Color": "Occult1",
        "Stockings": "None",
        "Accessory": "5",
        "ScheduleTime": "7_7_8_13_13.375_15.5_99",
        "ScheduleDestination": "Spawn_Locker_Stalk_Seat_Club_Seat_Club",
        "ScheduleAction": "Stand_Stand_Stalk_Sit_Club_Sit_Club"
    },
    {
        "ID": "27",
        "Name": "Shin Higaku",
        "Gender": "1",
        "Class": "31",
        "Club": "3",
        "Persona": "2",
        "Crush": "99",
        "BreastSize": "0",
        "Strength": "0",
        "Hairstyle": "12",
        "Color": "Occult2",
        "Stockings": "None",
        "Accessory": "0",
        "ScheduleTime": "7_7_8_13_13.375_15.5_99",
        "ScheduleDestination": "Spawn_Locker_Club_Seat_Club_Seat_Club",
        "ScheduleAction": "Stand_Stand_Club_Sit_Club_Sit_Club"
    },
    {
        "ID": "28",
        "Name": "Supana Churu",
        "Gender": "0",
        "Class": "22",
        "Club": "3",
        "Persona": "4",
        "Crush": "0",
        "BreastSize": "1",
        "Strength": "0",
        "Hairstyle": "17",
        "Color": "Occult3",
        "Stockings": "None",
        "Accessory": "1",
        "ScheduleTime": "7_7_8_13_13.375_15.5_99",
        "ScheduleDestination": "Spawn_Locker_Club_Seat_Club_Seat_Club",
        "ScheduleAction": "Stand_Stand_Club_Sit_Club_Sit_Club"
    },
    {
        "ID": "29",
        "Name": "Chojo Tekina",
        "Gender": "1",
        "Class": "21",
        "Club": "3",
        "Persona": "1",
        "Crush": "0",
        "BreastSize": "0",
        "Strength": "0",
        "Hairstyle": "13",
        "Color": "Occult4",
        "Stockings": "None",
        "Accessory": "0",
        "ScheduleTime": "7_7_8_13_13.375_15.5_99",
        "ScheduleDestination": "Spawn_Locker_Club_Seat_Club_Seat_Club",
        "ScheduleAction": "Stand_Stand_Club_Sit_Club_Sit_Club"
    },
    {
        "ID": "30",
        "Name": "Kokuma Jutsu",
        "Gender": "0",
        "Class": "12",
        "Club": "3",
        "Persona": "4",
        "Crush": "0",
        "BreastSize": "1",
        "Strength": "0",
        "Hairstyle": "18",
        "Color": "Occult5",
        "Stockings": "None",
        "Accessory": "2",
        "ScheduleTime": "7_7_8_13_13.375_15.5_99",
        "ScheduleDestination": "Spawn_Locker_Club_Seat_Club_Seat_Club",
        "ScheduleAction": "Stand_Stand_Club_Sit_Club_Sit_Club"
    },
    {
        "ID": "31",
        "Name": "Daku Atsu",
        "Gender": "1",
        "Class": "11",
        "Club": "3",
        "Persona": "1",
        "Crush": "0",
        "BreastSize": "0",
        "Strength": "0",
        "Hairstyle": "14",
        "Color": "Occult6",
        "Stockings": "None",
        "Accessory": "2",
        "ScheduleTime": "7_7_8_13_13.375_15.5_99",
        "ScheduleDestination": "Spawn_Locker_Club_Seat_Club_Seat_Club",
        "ScheduleAction": "Stand_Stand_Club_Sit_Club_Sit_Club"
    },
    {
        "ID": "32",
        "Name": "Musume Ronshaku",
        "Gender": "0",
        "Class": "32",
        "Club": "0",
        "Persona": "6",
        "Crush": "0",
        "BreastSize": "1.5",
        "Strength": "0",
        "Hairstyle": "19",
        "Color": "Ganguro",
        "Stockings": "Loose",
        "Accessory": "0",
        "ScheduleTime": "7_7_8_13_13.375_15.5_16_99",
        "ScheduleDestination": "Spawn_Locker_Hangout_Seat_LunchSpot_Seat_Locker_Exit",
        "ScheduleAction": "Stand_Stand_Socialize_Sit_Stand_Sit_Shoes_Stand"
    },
    {
        "ID": "33",
        "Name": "Unknown",
        "Gender": "0",
        "Class": "32",
        "Club": "0",
        "Persona": "7",
        "Crush": "1",
        "BreastSize": "1",
        "Strength": "1",
        "Hairstyle": "20",
        "Color": "Osana",
        "Stockings": "Osana",
        "Accessory": "0",
        "ScheduleTime": "7_7_8_13",
        "ScheduleDestination": "Spawn_Locker_Hangout_Seat",
        "ScheduleAction": "Stand_Stand_Stand"
    },
    {
        "ID": "34",
        "Name": "Unknown",
        "Gender": "0",
        "Class": "0",
        "Club": "0",
        "Persona": "0",
        "Crush": "0",
        "BreastSize": "1",
        "Strength": "0",
        "Hairstyle": "1",
        "Color": "White",
        "Stockings": "None",
        "Accessory": "0",
        "ScheduleTime": "0_0",
        "ScheduleDestination": "Spawn_Spawn",
        "ScheduleAction": "Stand_Stand"
    },
    {
        "ID": "35",
        "Name": "Reina Nana",
        "Gender": "0",
        "Class": "11",
        "Club": "100",
        "Persona": "9",
        "Crush": "0",
        "BreastSize": "1.5",
        "Strength": "6",
        "Hairstyle": "1",
        "Color": "Brown",
        "Stockings": "None",
        "Accessory": "1",
        "ScheduleTime": "7_8.25_13_13.375_15.5_99",
        "ScheduleDestination": "Spawn_Seat_Podium_Seat_Podium_Seat",
        "ScheduleAction": "Stand_Grade_Podium_Grade_Podium_Grade"
    },
    {
        "ID": "36",
        "Name": "Natsuki Anna",
        "Gender": "0",
        "Class": "12",
        "Club": "100",
        "Persona": "9",
        "Crush": "0",
        "BreastSize": "1.5",
        "Strength": "6",
        "Hairstyle": "2",
        "Color": "Brown",
        "Stockings": "None",
        "Accessory": "2",
        "ScheduleTime": "7_8.25_13_13.375_15.5_99",
        "ScheduleDestination": "Spawn_Seat_Podium_Seat_Podium_Seat",
        "ScheduleAction": "Stand_Grade_Podium_Grade_Podium_Grade"
    },
    {
        "ID": "37",
        "Name": "Rino Fuka",
        "Gender": "0",
        "Class": "21",
        "Club": "100",
        "Persona": "9",
        "Crush": "0",
        "BreastSize": "1.5",
        "Strength": "6",
        "Hairstyle": "3",
        "Color": "Brown",
        "Stockings": "None",
        "Accessory": "3",
        "ScheduleTime": "7_8.25_13_13.375_15.5_99",
        "ScheduleDestination": "Spawn_Seat_Podium_Seat_Podium_Seat",
        "ScheduleAction": "Stand_Grade_Podium_Grade_Podium_Grade"
    },
    {
        "ID": "38",
        "Name": "Shiori Risa",
        "Gender": "0",
        "Class": "22",
        "Club": "100",
        "Persona": "9",
        "Crush": "0",
        "BreastSize": "1.5",
        "Strength": "6",
        "Hairstyle": "4",
        "Color": "Brown",
        "Stockings": "None",
        "Accessory": "4",
        "ScheduleTime": "7_8.25_13_13.375_15.5_99",
        "ScheduleDestination": "Spawn_Seat_Podium_Seat_Podium_Seat",
        "ScheduleAction": "Stand_Grade_Podium_Grade_Podium_Grade"
    },
    {
        "ID": "39",
        "Name": "Karin Hana",
        "Gender": "0",
        "Class": "31",
        "Club": "100",
        "Persona": "9",
        "Crush": "0",
        "BreastSize": "1.5",
        "Strength": "6",
        "Hairstyle": "5",
        "Color": "Brown",
        "Stockings": "None",
        "Accessory": "5",
        "ScheduleTime": "7_8.25_13_13.375_15.5_99",
        "ScheduleDestination": "Spawn_Seat_Podium_Seat_Podium_Seat",
        "ScheduleAction": "Stand_Grade_Podium_Grade_Podium_Grade"
    },
    {
        "ID": "40",
        "Name": "Kaho Kanon",
        "Gender": "0",
        "Class": "32",
        "Club": "100",
        "Persona": "9",
        "Crush": "0",
        "BreastSize": "1.5",
        "Strength": "6",
        "Hairstyle": "6",
        "Color": "Brown",
        "Stockings": "None",
        "Accessory": "6",
        "ScheduleTime": "7_8.25_13_13.375_15.5_99",
        "ScheduleDestination": "Spawn_Seat_Podium_Seat_Podium_Seat",
        "ScheduleAction": "Stand_Grade_Podium_Grade_Podium_Grade"
    },
    {
        "ID": "41",
        "Name": "Kyoshi Taiso",
        "Gender": "0",
        "Class": "0",
        "Club": "101",
        "Persona": "9",
        "Crush": "0",
        "BreastSize": "1.5",
        "Strength": "6",
        "Hairstyle": "7",
        "Color": "Blonde",
        "Stockings": "None",
        "Accessory": "7",
        "ScheduleTime": "7_8.125_13_13.5_15.55_99",
        "ScheduleDestination": "Spawn_Podium_Patrol_Seat_Patrol_Podium",
        "ScheduleAction": "Stand_Stand_Patrol_Grade_Patrol_Stand"
    }
]