
{
  "header": {
    "reportVersion": 1,
    "event": "Allocation failed - JavaScript heap out of memory",
    "trigger": "FatalError",
    "filename": "report.20200218.082414.62765.0.001.json",
    "dumpEventTime": "2020-02-18T08:24:14Z",
    "dumpEventTimeStamp": "1582043054348",
    "processId": 62765,
    "cwd": "/Users/jeffreybiles/vuescreencasts/core-nuxt-app",
    "commandLine": [
      "/usr/local/bin/node",
      "/Users/jeffreybiles/vuescreencasts/core-nuxt-app/node_modules/.bin/nuxt"
    ],
    "nodejsVersion": "v12.13.1",
    "wordSize": 64,
    "arch": "x64",
    "platform": "darwin",
    "componentVersions": {
      "node": "12.13.1",
      "v8": "7.7.299.13-node.16",
      "uv": "1.33.1",
      "zlib": "1.2.11",
      "brotli": "1.0.7",
      "ares": "1.15.0",
      "modules": "72",
      "nghttp2": "1.39.2",
      "napi": "5",
      "llhttp": "1.1.4",
      "http_parser": "2.8.0",
      "openssl": "1.1.1d",
      "cldr": "35.1",
      "icu": "64.2",
      "tz": "2019c",
      "unicode": "12.1"
    },
    "release": {
      "name": "node",
      "lts": "Erbium",
      "headersUrl": "https://nodejs.org/download/release/v12.13.1/node-v12.13.1-headers.tar.gz",
      "sourceUrl": "https://nodejs.org/download/release/v12.13.1/node-v12.13.1.tar.gz"
    },
    "osName": "Darwin",
    "osRelease": "19.2.0",
    "osVersion": "Darwin Kernel Version 19.2.0: Sat Nov  9 03:47:04 PST 2019; root:xnu-6153.61.1~20/RELEASE_X86_64",
    "osMachine": "x86_64",
    "cpus": [
      {
        "model": "Intel(R) Core(TM) i9-9980HK CPU @ 2.40GHz",
        "speed": 2400,
        "user": 270248970,
        "nice": 0,
        "sys": 175166340,
        "idle": 1650575260,
        "irq": 0
      },
      {
        "model": "Intel(R) Core(TM) i9-9980HK CPU @ 2.40GHz",
        "speed": 2400,
        "user": 4727940,
        "nice": 0,
        "sys": 6141220,
        "idle": 2083779760,
        "irq": 0
      },
      {
        "model": "Intel(R) Core(TM) i9-9980HK CPU @ 2.40GHz",
        "speed": 2400,
        "user": 225580830,
        "nice": 0,
        "sys": 121482490,
        "idle": 1747589230,
        "irq": 0
      },
      {
        "model": "Intel(R) Core(TM) i9-9980HK CPU @ 2.40GHz",
        "speed": 2400,
        "user": 4623380,
        "nice": 0,
        "sys": 5150470,
        "idle": 2084874770,
        "irq": 0
      },
      {
        "model": "Intel(R) Core(TM) i9-9980HK CPU @ 2.40GHz",
        "speed": 2400,
        "user": 170009020,
        "nice": 0,
        "sys": 96323330,
        "idle": 1828319960,
        "irq": 0
      },
      {
        "model": "Intel(R) Core(TM) i9-9980HK CPU @ 2.40GHz",
        "speed": 2400,
        "user": 4639360,
        "nice": 0,
        "sys": 4464940,
        "idle": 2085544010,
        "irq": 0
      },
      {
        "model": "Intel(R) Core(TM) i9-9980HK CPU @ 2.40GHz",
        "speed": 2400,
        "user": 124145350,
        "nice": 0,
        "sys": 69744550,
        "idle": 1900762170,
        "irq": 0
      },
      {
        "model": "Intel(R) Core(TM) i9-9980HK CPU @ 2.40GHz",
        "speed": 2400,
        "user": 4634580,
        "nice": 0,
        "sys": 3895940,
        "idle": 2086117440,
        "irq": 0
      },
      {
        "model": "Intel(R) Core(TM) i9-9980HK CPU @ 2.40GHz",
        "speed": 2400,
        "user": 104314690,
        "nice": 0,
        "sys": 55537930,
        "idle": 1934799190,
        "irq": 0
      },
      {
        "model": "Intel(R) Core(TM) i9-9980HK CPU @ 2.40GHz",
        "speed": 2400,
        "user": 4439810,
        "nice": 0,
        "sys": 3378120,
        "idle": 2086829710,
        "irq": 0
      },
      {
        "model": "Intel(R) Core(TM) i9-9980HK CPU @ 2.40GHz",
        "speed": 2400,
        "user": 76706870,
        "nice": 0,
        "sys": 37492720,
        "idle": 1980451950,
        "irq": 0
      },
      {
        "model": "Intel(R) Core(TM) i9-9980HK CPU @ 2.40GHz",
        "speed": 2400,
        "user": 4216130,
        "nice": 0,
        "sys": 2939940,
        "idle": 2087491240,
        "irq": 0
      },
      {
        "model": "Intel(R) Core(TM) i9-9980HK CPU @ 2.40GHz",
        "speed": 2400,
        "user": 59589900,
        "nice": 0,
        "sys": 27234250,
        "idle": 2007827090,
        "irq": 0
      },
      {
        "model": "Intel(R) Core(TM) i9-9980HK CPU @ 2.40GHz",
        "speed": 2400,
        "user": 3974790,
        "nice": 0,
        "sys": 2570120,
        "idle": 2088102050,
        "irq": 0
      },
      {
        "model": "Intel(R) Core(TM) i9-9980HK CPU @ 2.40GHz",
        "speed": 2400,
        "user": 49116540,
        "nice": 0,
        "sys": 21173630,
        "idle": 2024360730,
        "irq": 0
      },
      {
        "model": "Intel(R) Core(TM) i9-9980HK CPU @ 2.40GHz",
        "speed": 2400,
        "user": 3773590,
        "nice": 0,
        "sys": 2307440,
        "idle": 2088565600,
        "irq": 0
      }
    ],
    "networkInterfaces": [
      {
        "name": "lo0",
        "internal": true,
        "mac": "00:00:00:00:00:00",
        "address": "127.0.0.1",
        "netmask": "255.0.0.0",
        "family": "IPv4"
      },
      {
        "name": "lo0",
        "internal": true,
        "mac": "00:00:00:00:00:00",
        "address": "::1",
        "netmask": "ffff:ffff:ffff:ffff:ffff:ffff:ffff:ffff",
        "family": "IPv6",
        "scopeid": 0
      },
      {
        "name": "lo0",
        "internal": true,
        "mac": "00:00:00:00:00:00",
        "address": "fe80::1",
        "netmask": "ffff:ffff:ffff:ffff::",
        "family": "IPv6",
        "scopeid": 1
      },
      {
        "name": "en5",
        "internal": false,
        "mac": "ac:de:48:00:11:22",
        "address": "fe80::aede:48ff:fe00:1122",
        "netmask": "ffff:ffff:ffff:ffff::",
        "family": "IPv6",
        "scopeid": 4
      },
      {
        "name": "en0",
        "internal": false,
        "mac": "f8:ff:c2:2a:d1:6d",
        "address": "fe80::181a:7f41:9add:2189",
        "netmask": "ffff:ffff:ffff:ffff::",
        "family": "IPv6",
        "scopeid": 6
      },
      {
        "name": "en0",
        "internal": false,
        "mac": "f8:ff:c2:2a:d1:6d",
        "address": "192.168.1.151",
        "netmask": "255.255.255.0",
        "family": "IPv4"
      },
      {
        "name": "awdl0",
        "internal": false,
        "mac": "36:c2:84:22:ff:47",
        "address": "fe80::34c2:84ff:fe22:ff47",
        "netmask": "ffff:ffff:ffff:ffff::",
        "family": "IPv6",
        "scopeid": 13
      },
      {
        "name": "llw0",
        "internal": false,
        "mac": "36:c2:84:22:ff:47",
        "address": "fe80::34c2:84ff:fe22:ff47",
        "netmask": "ffff:ffff:ffff:ffff::",
        "family": "IPv6",
        "scopeid": 14
      },
      {
        "name": "utun0",
        "internal": false,
        "mac": "00:00:00:00:00:00",
        "address": "fe80::4b5:d627:170a:5c69",
        "netmask": "ffff:ffff:ffff:ffff::",
        "family": "IPv6",
        "scopeid": 15
      },
      {
        "name": "utun1",
        "internal": false,
        "mac": "00:00:00:00:00:00",
        "address": "fe80::8add:412d:3f29:7296",
        "netmask": "ffff:ffff:ffff:ffff::",
        "family": "IPv6",
        "scopeid": 16
      }
    ],
    "host": "Jeffreys-MacBook-Pro.local"
  },
  "javascriptStack": {
    "message": "No stack.",
    "stack": [
      "Unavailable."
    ]
  },
  "nativeStack": [
    {
      "pc": "0x000000010014db86",
      "symbol": "report::TriggerNodeReport(v8::Isolate*, node::Environment*, char const*, char const*, std::__1::basic_string<char, std::__1::char_traits<char>, std::__1::allocator<char> > const&, v8::Local<v8::String>) [/usr/local/bin/node]"
    },
    {
      "pc": "0x000000010007eb13",
      "symbol": "node::OnFatalError(char const*, char const*) [/usr/local/bin/node]"
    },
    {
      "pc": "0x0000000100176337",
      "symbol": "v8::Utils::ReportOOMFailure(v8::internal::Isolate*, char const*, bool) [/usr/local/bin/node]"
    },
    {
      "pc": "0x00000001001762d3",
      "symbol": "v8::internal::V8::FatalProcessOutOfMemory(v8::internal::Isolate*, char const*, bool) [/usr/local/bin/node]"
    },
    {
      "pc": "0x00000001002fa485",
      "symbol": "v8::internal::Heap::FatalProcessOutOfMemory(char const*) [/usr/local/bin/node]"
    },
    {
      "pc": "0x00000001002fbb54",
      "symbol": "v8::internal::Heap::RecomputeLimits(v8::internal::GarbageCollector) [/usr/local/bin/node]"
    },
    {
      "pc": "0x00000001002f8a27",
      "symbol": "v8::internal::Heap::PerformGarbageCollection(v8::internal::GarbageCollector, v8::GCCallbackFlags) [/usr/local/bin/node]"
    },
    {
      "pc": "0x00000001002f6a0d",
      "symbol": "v8::internal::Heap::CollectGarbage(v8::internal::AllocationSpace, v8::internal::GarbageCollectionReason, v8::GCCallbackFlags) [/usr/local/bin/node]"
    },
    {
      "pc": "0x0000000100302124",
      "symbol": "v8::internal::Heap::AllocateRawWithLightRetry(int, v8::internal::AllocationType, v8::internal::AllocationAlignment) [/usr/local/bin/node]"
    },
    {
      "pc": "0x000000010030219f",
      "symbol": "v8::internal::Heap::AllocateRawWithRetryOrFail(int, v8::internal::AllocationType, v8::internal::AllocationAlignment) [/usr/local/bin/node]"
    },
    {
      "pc": "0x00000001002ced97",
      "symbol": "v8::internal::Factory::NewFillerObject(int, bool, v8::internal::AllocationType) [/usr/local/bin/node]"
    },
    {
      "pc": "0x00000001005f83e5",
      "symbol": "v8::internal::Runtime_AllocateInYoungGeneration(int, unsigned long*, v8::internal::Isolate*) [/usr/local/bin/node]"
    },
    {
      "pc": "0x0000000100930c99",
      "symbol": "Builtins_CEntry_Return1_DontSaveFPRegs_ArgvOnStack_NoBuiltinExit [/usr/local/bin/node]"
    }
  ],
  "javascriptHeap": {
    "totalMemory": 2171965440,
    "totalCommittedMemory": 2171306640,
    "usedMemory": 2076972864,
    "availableMemory": 57275216,
    "memoryLimit": 2197815296,
    "heapSpaces": {
      "read_only_space": {
        "memorySize": 262144,
        "committedMemory": 32568,
        "capacity": 261872,
        "used": 32296,
        "available": 229576
      },
      "new_space": {
        "memorySize": 33554432,
        "committedMemory": 33553368,
        "capacity": 16759808,
        "used": 2508056,
        "available": 14251752
      },
      "old_space": {
        "memorySize": 1480437760,
        "committedMemory": 1480386432,
        "capacity": 1427468952,
        "used": 1427333304,
        "available": 135648
      },
      "code_space": {
        "memorySize": 7766016,
        "committedMemory": 7625184,
        "capacity": 6610240,
        "used": 6561664,
        "available": 48576
      },
      "map_space": {
        "memorySize": 50597888,
        "committedMemory": 50361888,
        "capacity": 42365520,
        "used": 42365520,
        "available": 0
      },
      "large_object_space": {
        "memorySize": 598142976,
        "committedMemory": 598142976,
        "capacity": 597071288,
        "used": 597071288,
        "available": 0
      },
      "code_large_object_space": {
        "memorySize": 1204224,
        "committedMemory": 1204224,
        "capacity": 1100736,
        "used": 1100736,
        "available": 0
      },
      "new_large_object_space": {
        "memorySize": 0,
        "committedMemory": 0,
        "capacity": 16759808,
        "used": 0,
        "available": 16759808
      }
    }
  },
  "resourceUsage": {
    "userCpuSeconds": 903.582,
    "kernelCpuSeconds": 30.1002,
    "cpuConsumptionPercent": 4.1275,
    "maxRss": 2621653909504,
    "pageFaults": {
      "IORequired": 297,
      "IONotRequired": 7321670
    },
    "fsActivity": {
      "reads": 0,
      "writes": 0
    }
  },
  "libuv": [
  ],
  "environmentVariables": {
    "SPACESHIP_VERSION": "3.11.2",
    "rvm_use_flag": "",
    "rvm_bin_path": "/Users/jeffreybiles/.rvm/bin",
    "TERM_PROGRAM": "iTerm.app",
    "NODE": "/usr/local/bin/node",
    "INIT_CWD": "/Users/jeffreybiles/vuescreencasts/core-nuxt-app",
    "rvm_quiet_flag": "",
    "GEM_HOME": "/Users/jeffreybiles/.rvm/gems/ruby-2.5.3",
    "npm_config_version_git_tag": "true",
    "rvm_gemstone_url": "",
    "TERM": "xterm-256color",
    "SHELL": "/bin/zsh",
    "rvm_docs_type": "",
    "IRBRC": "/Users/jeffreybiles/.rvm/rubies/ruby-2.5.3/.irbrc",
    "TMPDIR": "/var/folders/_2/tlcj5r1j75g634tb1vrjmy8c0000gn/T/",
    "npm_package_dependencies_vuetify_datetime_picker": "^2.1.1",
    "npm_package_dependencies_nuxt_stripe_module": "^2.0.0",
    "npm_package_dependencies__nuxtjs_axios": "^5.8.0",
    "npm_package_scripts_lint": "eslint --ext .js,.vue --ignore-path .gitignore .",
    "npm_config_init_license": "MIT",
    "TERM_PROGRAM_VERSION": "3.3.9",
    "npm_package_dependencies_vue_stripe_elements_plus": "^0.3.2",
    "npm_package_scripts_dev": "nuxt",
    "rvm_hook": "",
    "MY_RUBY_HOME": "/Users/jeffreybiles/.rvm/rubies/ruby-2.5.3",
    "TERM_SESSION_ID": "w0t0p1:07BF4C66-BD10-4278-9FB0-448AC388B014",
    "npm_package_dependencies_vue_video_player": "^5.0.2",
    "npm_package_scripts_heroku_postbuild": "nuxt build",
    "npm_package_private": "true",
    "npm_config_registry": "https://registry.yarnpkg.com",
    "ZSH": "/Users/jeffreybiles/.oh-my-zsh",
    "npm_package_scripts_generate": "nuxt generate",
    "npm_package_readmeFilename": "README.md",
    "USER": "jeffreybiles",
    "npm_package_description": "VueJS Screencasts for intermediate and advanced developers",
    "rvm_gemstone_package_file": "",
    "npm_package_dependencies__nuxtjs_pwa": "^3.0.0-0",
    "rvm_path": "/Users/jeffreybiles/.rvm",
    "SSH_AUTH_SOCK": "/private/tmp/com.apple.launchd.JmYDe9uGMM/Listeners",
    "npm_package_devDependencies__nuxtjs_vuetify": "^2.0.0-alpha.1",
    "__CF_USER_TEXT_ENCODING": "0x1F5:0x0:0x0",
    "npm_package_dependencies_highlight_js": "^9.16.2",
    "rvm_proxy": "",
    "npm_execpath": "/Users/jeffreybiles/.yarn/bin/yarn.js",
    "rvm_ruby_file": "",
    "PAGER": "less",
    "npm_package_dependencies_marked": "^0.7.0",
    "npm_package_dependencies__fortawesome_free_brands_svg_icons": "^5.12.0",
    "npm_package_author_name": "jeffreybiles",
    "LSCOLORS": "Gxfxcxdxbxegedabagacad",
    "npm_package_dependencies_nuxt_fontawesome": "^0.4.0",
    "rvm_silent_flag": "",
    "rvm_prefix": "/Users/jeffreybiles",
    "npm_package_devDependencies__nuxtjs_google_analytics": "^2.2.2",
    "rvm_ruby_make": "",
    "PATH": "/var/folders/_2/tlcj5r1j75g634tb1vrjmy8c0000gn/T/yarn--1581954924288-0.9033203933686482:/Users/jeffreybiles/vuescreencasts/core-nuxt-app/node_modules/.bin:/Users/jeffreybiles/.config/yarn/link/node_modules/.bin:/usr/local/libexec/lib/node_modules/npm/bin/node-gyp-bin:/usr/local/lib/node_modules/npm/bin/node-gyp-bin:/usr/local/bin/node_modules/npm/bin/node-gyp-bin:/Users/jeffreybiles/.rvm/gems/ruby-2.5.3/bin:/Users/jeffreybiles/.rvm/gems/ruby-2.5.3@global/bin:/Users/jeffreybiles/.rvm/rubies/ruby-2.5.3/bin:/Users/jeffreybiles/.yarn/bin:/Users/jeffreybiles/.config/yarn/global/node_modules/.bin:/Users/jeffreybiles/.npm-global/bin:/usr/local/bin:/usr/bin:/bin:/usr/sbin:/sbin:/Applications/Postgres.app/Contents/Versions/latest/bin:/Users/jeffreybiles/.rvm/bin",
    "npm_config_argv": "{\"remain\":[],\"cooked\":[\"run\",\"dev\"],\"original\":[\"dev\"]}",
    "npm_package_dependencies_aws_s3": "^2.0.5",
    "npm_package_dependencies__fortawesome_free_solid_svg_icons": "^5.11.2",
    "_": "/Users/jeffreybiles/vuescreencasts/core-nuxt-app/node_modules/.bin/nuxt",
    "LaunchInstanceID": "7108598F-ECCD-41E1-AEB4-EDBA89236768",
    "PWD": "/Users/jeffreybiles/vuescreencasts/core-nuxt-app",
    "npm_package_devDependencies_cypress": "^3.8.1",
    "npm_lifecycle_event": "dev",
    "npm_package_dependencies_date_fns": "^2.9.0",
    "rvm_sdk": "",
    "LANG": "en_US.UTF-8",
    "npm_package_name": "VueScreencasts.com",
    "ITERM_PROFILE": "Default",
    "npm_package_dependencies_vue_shortkey": "^3.1.7",
    "npm_package_scripts_start": "nuxt start",
    "npm_package_scripts_build": "nuxt build",
    "npm_config_version_commit_hooks": "true",
    "XPC_FLAGS": "0x0",
    "npm_package_dependencies__nuxtjs_auth": "^4.8.4",
    "npm_config_bin_links": "true",
    "npm_package_dependencies_vuetify": "^2.1.15",
    "npm_package_engines_node": "12.13.1",
    "SPACESHIP_ROOT": "/Users/jeffreybiles/.oh-my-zsh/custom/themes/spaceship-prompt",
    "XPC_SERVICE_NAME": "0",
    "npm_package_version": "1.0.0",
    "rvm_version": "1.29.9 (latest)",
    "rvm_script_name": "",
    "rvm_pretty_print_flag": "",
    "SHLVL": "2",
    "HOME": "/Users/jeffreybiles",
    "COLORFGBG": "7;0",
    "rvm_ruby_mode": "",
    "LC_TERMINAL_VERSION": "3.3.9",
    "npm_config_save_prefix": "^",
    "npm_config_strict_ssl": "true",
    "npm_package_dependencies_vue_currency_filter": "^4.0.3",
    "npm_config_version_git_message": "v%s",
    "ITERM_SESSION_ID": "w0t0p1:07BF4C66-BD10-4278-9FB0-448AC388B014",
    "npm_package_devDependencies__nuxtjs_dotenv": "^1.4.1",
    "LESS": "-R",
    "LOGNAME": "jeffreybiles",
    "YARN_WRAP_OUTPUT": "false",
    "rvm_alias_expanded": "",
    "npm_lifecycle_script": "nuxt",
    "npm_package_dependencies_vue_timers": "^2.0.4",
    "GEM_PATH": "/Users/jeffreybiles/.rvm/gems/ruby-2.5.3:/Users/jeffreybiles/.rvm/gems/ruby-2.5.3@global",
    "rvm_nightly_flag": "",
    "npm_config_version_git_sign": "",
    "npm_config_ignore_scripts": "",
    "npm_config_user_agent": "yarn/1.21.1 npm/? node/v12.13.1 darwin x64",
    "rvm_ruby_make_install": "",
    "rvm_niceness": "",
    "LC_TERMINAL": "iTerm2",
    "npm_package_dependencies_nuxt": "^2.11.0",
    "rvm_ruby_bits": "",
    "rvm_bin_flag": "",
    "npm_config_init_version": "1.0.0",
    "npm_config_ignore_optional": "",
    "rvm_only_path_flag": "",
    "RUBY_VERSION": "ruby-2.5.3",
    "SECURITYSESSIONID": "186a7",
    "SQLITE_EXEMPT_PATH_FROM_VNODE_GUARDS": "/Users/jeffreybiles/Library/WebKit/Databases",
    "npm_package_dependencies_rsvp": "^4.8.5",
    "COLORTERM": "truecolor",
    "npm_node_execpath": "/usr/local/bin/node",
    "npm_config_version_tag_prefix": "v",
    "npm_config_prefix": "/Users/jeffreybiles/.npm-global",
    "NODE_ENV": "development",
    "_AXIOS_BASE_URL_": "http://localhost:3000/api",
    "VUE_ENV": "server"
  },
  "userLimits": {
    "core_file_size_blocks": {
      "soft": 0,
      "hard": "unlimited"
    },
    "data_seg_size_kbytes": {
      "soft": "unlimited",
      "hard": "unlimited"
    },
    "file_size_blocks": {
      "soft": "unlimited",
      "hard": "unlimited"
    },
    "max_locked_memory_bytes": {
      "soft": "unlimited",
      "hard": "unlimited"
    },
    "max_memory_size_kbytes": {
      "soft": "unlimited",
      "hard": "unlimited"
    },
    "open_files": {
      "soft": 49152,
      "hard": "unlimited"
    },
    "stack_size_bytes": {
      "soft": 8388608,
      "hard": 67104768
    },
    "cpu_time_seconds": {
      "soft": "unlimited",
      "hard": "unlimited"
    },
    "max_user_processes": {
      "soft": 5568,
      "hard": 5568
    },
    "virtual_memory_kbytes": {
      "soft": "unlimited",
      "hard": "unlimited"
    }
  },
  "sharedObjects": [
    "/usr/local/bin/node",
    "/System/Library/Frameworks/CoreFoundation.framework/Versions/A/CoreFoundation",
    "/usr/lib/libSystem.B.dylib",
    "/usr/lib/libc++.1.dylib",
    "/usr/lib/libobjc.A.dylib",
    "/usr/lib/libfakelink.dylib",
    "/usr/lib/libDiagnosticMessagesClient.dylib",
    "/usr/lib/libicucore.A.dylib",
    "/usr/lib/libz.1.dylib",
    "/usr/lib/libc++abi.dylib",
    "/usr/lib/system/libcache.dylib",
    "/usr/lib/system/libcommonCrypto.dylib",
    "/usr/lib/system/libcompiler_rt.dylib",
    "/usr/lib/system/libcopyfile.dylib",
    "/usr/lib/system/libcorecrypto.dylib",
    "/usr/lib/system/libdispatch.dylib",
    "/usr/lib/system/libdyld.dylib",
    "/usr/lib/system/libkeymgr.dylib",
    "/usr/lib/system/liblaunch.dylib",
    "/usr/lib/system/libmacho.dylib",
    "/usr/lib/system/libquarantine.dylib",
    "/usr/lib/system/libremovefile.dylib",
    "/usr/lib/system/libsystem_asl.dylib",
    "/usr/lib/system/libsystem_blocks.dylib",
    "/usr/lib/system/libsystem_c.dylib",
    "/usr/lib/system/libsystem_configuration.dylib",
    "/usr/lib/system/libsystem_coreservices.dylib",
    "/usr/lib/system/libsystem_darwin.dylib",
    "/usr/lib/system/libsystem_dnssd.dylib",
    "/usr/lib/system/libsystem_featureflags.dylib",
    "/usr/lib/system/libsystem_info.dylib",
    "/usr/lib/system/libsystem_m.dylib",
    "/usr/lib/system/libsystem_malloc.dylib",
    "/usr/lib/system/libsystem_networkextension.dylib",
    "/usr/lib/system/libsystem_notify.dylib",
    "/usr/lib/system/libsystem_sandbox.dylib",
    "/usr/lib/system/libsystem_secinit.dylib",
    "/usr/lib/system/libsystem_kernel.dylib",
    "/usr/lib/system/libsystem_platform.dylib",
    "/usr/lib/system/libsystem_pthread.dylib",
    "/usr/lib/system/libsystem_symptoms.dylib",
    "/usr/lib/system/libsystem_trace.dylib",
    "/usr/lib/system/libunwind.dylib",
    "/usr/lib/system/libxpc.dylib",
    "/System/Library/Frameworks/ApplicationServices.framework/Versions/A/ApplicationServices",
    "/System/Library/Frameworks/CoreGraphics.framework/Versions/A/CoreGraphics",
    "/System/Library/Frameworks/CoreText.framework/Versions/A/CoreText",
    "/System/Library/Frameworks/ImageIO.framework/Versions/A/ImageIO",
    "/System/Library/Frameworks/ColorSync.framework/Versions/A/ColorSync",
    "/System/Library/Frameworks/ApplicationServices.framework/Versions/A/Frameworks/ATS.framework/Versions/A/ATS",
    "/System/Library/Frameworks/ApplicationServices.framework/Versions/A/Frameworks/ColorSyncLegacy.framework/Versions/A/ColorSyncLegacy",
    "/System/Library/Frameworks/CoreServices.framework/Versions/A/CoreServices",
    "/System/Library/Frameworks/ApplicationServices.framework/Versions/A/Frameworks/HIServices.framework/Versions/A/HIServices",
    "/System/Library/Frameworks/ApplicationServices.framework/Versions/A/Frameworks/LangAnalysis.framework/Versions/A/LangAnalysis",
    "/System/Library/Frameworks/ApplicationServices.framework/Versions/A/Frameworks/PrintCore.framework/Versions/A/PrintCore",
    "/System/Library/Frameworks/ApplicationServices.framework/Versions/A/Frameworks/QD.framework/Versions/A/QD",
    "/System/Library/Frameworks/ApplicationServices.framework/Versions/A/Frameworks/SpeechSynthesis.framework/Versions/A/SpeechSynthesis",
    "/System/Library/PrivateFrameworks/SkyLight.framework/Versions/A/SkyLight",
    "/System/Library/PrivateFrameworks/FontServices.framework/libFontParser.dylib",
    "/System/Library/Frameworks/Accelerate.framework/Versions/A/Accelerate",
    "/System/Library/Frameworks/IOSurface.framework/Versions/A/IOSurface",
    "/usr/lib/libxml2.2.dylib",
    "/System/Library/Frameworks/CFNetwork.framework/Versions/A/CFNetwork",
    "/System/Library/Frameworks/Foundation.framework/Versions/C/Foundation",
    "/System/Library/PrivateFrameworks/WatchdogClient.framework/Versions/A/WatchdogClient",
    "/usr/lib/libcompression.dylib",
    "/System/Library/Frameworks/SystemConfiguration.framework/Versions/A/SystemConfiguration",
    "/System/Library/Frameworks/CoreDisplay.framework/Versions/A/CoreDisplay",
    "/System/Library/PrivateFrameworks/IOAccelerator.framework/Versions/A/IOAccelerator",
    "/System/Library/Frameworks/IOKit.framework/Versions/A/IOKit",
    "/System/Library/Frameworks/Metal.framework/Versions/A/Metal",
    "/System/Library/Frameworks/MetalPerformanceShaders.framework/Versions/A/MetalPerformanceShaders",
    "/System/Library/PrivateFrameworks/MultitouchSupport.framework/Versions/A/MultitouchSupport",
    "/System/Library/Frameworks/Security.framework/Versions/A/Security",
    "/System/Library/Frameworks/QuartzCore.framework/Versions/A/QuartzCore",
    "/usr/lib/libbsm.0.dylib",
    "/usr/lib/liblzma.5.dylib",
    "/usr/lib/libauto.dylib",
    "/System/Library/Frameworks/DiskArbitration.framework/Versions/A/DiskArbitration",
    "/usr/lib/libarchive.2.dylib",
    "/usr/lib/liblangid.dylib",
    "/usr/lib/libCRFSuite.dylib",
    "/usr/lib/libenergytrace.dylib",
    "/usr/lib/system/libkxld.dylib",
    "/System/Library/PrivateFrameworks/AppleFSCompression.framework/Versions/A/AppleFSCompression",
    "/usr/lib/libcoretls.dylib",
    "/usr/lib/libcoretls_cfhelpers.dylib",
    "/usr/lib/libpam.2.dylib",
    "/usr/lib/libsqlite3.dylib",
    "/usr/lib/libxar.1.dylib",
    "/usr/lib/libbz2.1.0.dylib",
    "/usr/lib/libiconv.2.dylib",
    "/usr/lib/libcharset.1.dylib",
    "/usr/lib/libnetwork.dylib",
    "/usr/lib/libpcap.A.dylib",
    "/usr/lib/libapple_nghttp2.dylib",
    "/System/Library/Frameworks/CoreServices.framework/Versions/A/Frameworks/FSEvents.framework/Versions/A/FSEvents",
    "/System/Library/Frameworks/CoreServices.framework/Versions/A/Frameworks/CarbonCore.framework/Versions/A/CarbonCore",
    "/System/Library/Frameworks/CoreServices.framework/Versions/A/Frameworks/Metadata.framework/Versions/A/Metadata",
    "/System/Library/Frameworks/CoreServices.framework/Versions/A/Frameworks/OSServices.framework/Versions/A/OSServices",
    "/System/Library/Frameworks/CoreServices.framework/Versions/A/Frameworks/SearchKit.framework/Versions/A/SearchKit",
    "/System/Library/Frameworks/CoreServices.framework/Versions/A/Frameworks/AE.framework/Versions/A/AE",
    "/System/Library/Frameworks/CoreServices.framework/Versions/A/Frameworks/LaunchServices.framework/Versions/A/LaunchServices",
    "/System/Library/Frameworks/CoreServices.framework/Versions/A/Frameworks/DictionaryServices.framework/Versions/A/DictionaryServices",
    "/System/Library/Frameworks/CoreServices.framework/Versions/A/Frameworks/SharedFileList.framework/Versions/A/SharedFileList",
    "/System/Library/Frameworks/NetFS.framework/Versions/A/NetFS",
    "/System/Library/PrivateFrameworks/NetAuth.framework/Versions/A/NetAuth",
    "/System/Library/PrivateFrameworks/login.framework/Versions/A/Frameworks/loginsupport.framework/Versions/A/loginsupport",
    "/System/Library/PrivateFrameworks/TCC.framework/Versions/A/TCC",
    "/System/Library/PrivateFrameworks/CoreNLP.framework/Versions/A/CoreNLP",
    "/System/Library/PrivateFrameworks/MetadataUtilities.framework/Versions/A/MetadataUtilities",
    "/usr/lib/libmecabra.dylib",
    "/usr/lib/libmecab.dylib",
    "/usr/lib/libgermantok.dylib",
    "/usr/lib/libThaiTokenizer.dylib",
    "/usr/lib/libChineseTokenizer.dylib",
    "/System/Library/Frameworks/Accelerate.framework/Versions/A/Frameworks/vImage.framework/Versions/A/vImage",
    "/System/Library/Frameworks/Accelerate.framework/Versions/A/Frameworks/vecLib.framework/Versions/A/vecLib",
    "/System/Library/Frameworks/Accelerate.framework/Versions/A/Frameworks/vecLib.framework/Versions/A/libvMisc.dylib",
    "/System/Library/Frameworks/Accelerate.framework/Versions/A/Frameworks/vecLib.framework/Versions/A/libvDSP.dylib",
    "/System/Library/Frameworks/Accelerate.framework/Versions/A/Frameworks/vecLib.framework/Versions/A/libBLAS.dylib",
    "/System/Library/Frameworks/Accelerate.framework/Versions/A/Frameworks/vecLib.framework/Versions/A/libLAPACK.dylib",
    "/System/Library/Frameworks/Accelerate.framework/Versions/A/Frameworks/vecLib.framework/Versions/A/libLinearAlgebra.dylib",
    "/System/Library/Frameworks/Accelerate.framework/Versions/A/Frameworks/vecLib.framework/Versions/A/libSparseBLAS.dylib",
    "/System/Library/Frameworks/Accelerate.framework/Versions/A/Frameworks/vecLib.framework/Versions/A/libQuadrature.dylib",
    "/System/Library/Frameworks/Accelerate.framework/Versions/A/Frameworks/vecLib.framework/Versions/A/libBNNS.dylib",
    "/System/Library/Frameworks/Accelerate.framework/Versions/A/Frameworks/vecLib.framework/Versions/A/libSparse.dylib",
    "/System/Library/PrivateFrameworks/LanguageModeling.framework/Versions/A/LanguageModeling",
    "/System/Library/PrivateFrameworks/CoreEmoji.framework/Versions/A/CoreEmoji",
    "/System/Library/PrivateFrameworks/LinguisticData.framework/Versions/A/LinguisticData",
    "/System/Library/PrivateFrameworks/Lexicon.framework/Versions/A/Lexicon",
    "/usr/lib/libcmph.dylib",
    "/System/Library/Frameworks/OpenDirectory.framework/Versions/A/Frameworks/CFOpenDirectory.framework/Versions/A/CFOpenDirectory",
    "/System/Library/Frameworks/OpenDirectory.framework/Versions/A/OpenDirectory",
    "/System/Library/PrivateFrameworks/APFS.framework/Versions/A/APFS",
    "/System/Library/Frameworks/SecurityFoundation.framework/Versions/A/SecurityFoundation",
    "/usr/lib/libutil.dylib",
    "/System/Library/PrivateFrameworks/CoreServicesStore.framework/Versions/A/CoreServicesStore",
    "/System/Library/Frameworks/ServiceManagement.framework/Versions/A/ServiceManagement",
    "/System/Library/PrivateFrameworks/BackgroundTaskManagement.framework/Versions/A/BackgroundTaskManagement",
    "/usr/lib/libxslt.1.dylib",
    "/System/Library/PrivateFrameworks/GPUWrangler.framework/Versions/A/GPUWrangler",
    "/System/Library/PrivateFrameworks/IOPresentment.framework/Versions/A/IOPresentment",
    "/System/Library/PrivateFrameworks/DSExternalDisplay.framework/Versions/A/DSExternalDisplay",
    "/System/Library/Frameworks/OpenGL.framework/Versions/A/Libraries/libCoreFSCache.dylib",
    "/System/Library/Frameworks/MetalPerformanceShaders.framework/Frameworks/MPSCore.framework/Versions/A/MPSCore",
    "/System/Library/Frameworks/MetalPerformanceShaders.framework/Frameworks/MPSImage.framework/Versions/A/MPSImage",
    "/System/Library/Frameworks/MetalPerformanceShaders.framework/Frameworks/MPSNeuralNetwork.framework/Versions/A/MPSNeuralNetwork",
    "/System/Library/Frameworks/MetalPerformanceShaders.framework/Frameworks/MPSMatrix.framework/Versions/A/MPSMatrix",
    "/System/Library/Frameworks/MetalPerformanceShaders.framework/Frameworks/MPSRayIntersector.framework/Versions/A/MPSRayIntersector",
    "/System/Library/Frameworks/MetalPerformanceShaders.framework/Frameworks/MPSNDArray.framework/Versions/A/MPSNDArray",
    "/System/Library/PrivateFrameworks/MetalTools.framework/Versions/A/MetalTools",
    "/System/Library/PrivateFrameworks/AggregateDictionary.framework/Versions/A/AggregateDictionary",
    "/System/Library/PrivateFrameworks/CoreAnalytics.framework/Versions/A/CoreAnalytics",
    "/System/Library/PrivateFrameworks/AppleSauce.framework/Versions/A/AppleSauce",
    "/usr/lib/libMobileGestalt.dylib",
    "/System/Library/PrivateFrameworks/AppleSystemInfo.framework/Versions/A/AppleSystemInfo",
    "/usr/lib/libIOReport.dylib",
    "/System/Library/Frameworks/CoreImage.framework/Versions/A/CoreImage",
    "/System/Library/Frameworks/CoreVideo.framework/Versions/A/CoreVideo",
    "/System/Library/Frameworks/OpenGL.framework/Versions/A/OpenGL",
    "/System/Library/PrivateFrameworks/GraphVisualizer.framework/Versions/A/GraphVisualizer",
    "/System/Library/PrivateFrameworks/FaceCore.framework/Versions/A/FaceCore",
    "/System/Library/Frameworks/OpenCL.framework/Versions/A/OpenCL",
    "/usr/lib/libFosl_dynamic.dylib",
    "/System/Library/PrivateFrameworks/OTSVG.framework/Versions/A/OTSVG",
    "/System/Library/Frameworks/ApplicationServices.framework/Versions/A/Frameworks/ATS.framework/Versions/A/Resources/libFontRegistry.dylib",
    "/usr/lib/libate.dylib",
    "/System/Library/Frameworks/ImageIO.framework/Versions/A/Resources/libJPEG.dylib",
    "/System/Library/Frameworks/ImageIO.framework/Versions/A/Resources/libTIFF.dylib",
    "/System/Library/Frameworks/ImageIO.framework/Versions/A/Resources/libPng.dylib",
    "/System/Library/Frameworks/ImageIO.framework/Versions/A/Resources/libGIF.dylib",
    "/System/Library/Frameworks/ImageIO.framework/Versions/A/Resources/libJP2.dylib",
    "/System/Library/Frameworks/ImageIO.framework/Versions/A/Resources/libRadiance.dylib",
    "/usr/lib/libexpat.1.dylib",
    "/System/Library/PrivateFrameworks/AppleJPEG.framework/Versions/A/AppleJPEG",
    "/System/Library/PrivateFrameworks/FontServices.framework/libhvf.dylib",
    "/System/Library/Frameworks/OpenGL.framework/Versions/A/Libraries/libGFXShared.dylib",
    "/System/Library/Frameworks/OpenGL.framework/Versions/A/Libraries/libGLU.dylib",
    "/System/Library/Frameworks/OpenGL.framework/Versions/A/Libraries/libGL.dylib",
    "/System/Library/Frameworks/OpenGL.framework/Versions/A/Libraries/libGLImage.dylib",
    "/System/Library/Frameworks/OpenGL.framework/Versions/A/Libraries/libCVMSPluginSupport.dylib",
    "/System/Library/Frameworks/OpenGL.framework/Versions/A/Libraries/libCoreVMClient.dylib",
    "/usr/lib/libncurses.5.4.dylib",
    "/System/Library/Frameworks/ApplicationServices.framework/Versions/A/Frameworks/ATSUI.framework/Versions/A/ATSUI",
    "/usr/lib/libcups.2.dylib",
    "/System/Library/Frameworks/Kerberos.framework/Versions/A/Kerberos",
    "/System/Library/Frameworks/GSS.framework/Versions/A/GSS",
    "/usr/lib/libresolv.9.dylib",
    "/System/Library/PrivateFrameworks/Heimdal.framework/Versions/A/Heimdal",
    "/System/Library/Frameworks/Kerberos.framework/Versions/A/Libraries/libHeimdalProxy.dylib",
    "/usr/lib/libheimdal-asn1.dylib",
    "/System/Library/PrivateFrameworks/CommonAuth.framework/Versions/A/CommonAuth",
    "/System/Library/Frameworks/CoreAudio.framework/Versions/A/CoreAudio",
    "/System/Library/Frameworks/AudioToolbox.framework/Versions/A/AudioToolbox",
    "/System/Library/PrivateFrameworks/AssertionServices.framework/Versions/A/AssertionServices",
    "/System/Library/PrivateFrameworks/AudioToolboxCore.framework/Versions/A/AudioToolboxCore",
    "/System/Library/PrivateFrameworks/caulk.framework/Versions/A/caulk",
    "/System/Library/PrivateFrameworks/BaseBoard.framework/Versions/A/BaseBoard",
    "/System/Library/PrivateFrameworks/RunningBoardServices.framework/Versions/A/RunningBoardServices",
    "/System/Library/PrivateFrameworks/PersistentConnection.framework/Versions/A/PersistentConnection",
    "/System/Library/PrivateFrameworks/ProtocolBuffer.framework/Versions/A/ProtocolBuffer",
    "/System/Library/PrivateFrameworks/CommonUtilities.framework/Versions/A/CommonUtilities",
    "/System/Library/PrivateFrameworks/Bom.framework/Versions/A/Bom",
    "/usr/lib/libAudioToolboxUtility.dylib",
    "/Users/jeffreybiles/vuescreencasts/core-nuxt-app/node_modules/fsevents/fsevents.node",
    "/Users/jeffreybiles/vuescreencasts/core-nuxt-app/node_modules/@nuxt/builder/node_modules/fsevents/fsevents.node",
    "/Users/jeffreybiles/vuescreencasts/core-nuxt-app/node_modules/fibers/bin/darwin-x64-72/fibers.node",
    "/Users/jeffreybiles/vuescreencasts/core-nuxt-app/node_modules/watchpack/node_modules/fsevents/lib/binding/Release/node-v72-darwin-x64/fse.node"
  ]
}