
{
  "header": {
    "reportVersion": 1,
    "event": "Allocation failed - JavaScript heap out of memory",
    "trigger": "FatalError",
    "filename": "report.20191203.080910.53263.0.001.json",
    "dumpEventTime": "2019-12-03T08:09:10Z",
    "dumpEventTimeStamp": "1575389350329",
    "processId": 53263,
    "cwd": "/Users/jeffreybiles/vuescreencasts/core-nuxt-app",
    "commandLine": [
      "/usr/local/bin/node",
      "/Users/jeffreybiles/vuescreencasts/core-nuxt-app/node_modules/.bin/nuxt"
    ],
    "nodejsVersion": "v12.13.1",
    "wordSize": 64,
    "arch": "x64",
    "platform": "darwin",
    "componentVersions": {
      "node": "12.13.1",
      "v8": "7.7.299.13-node.16",
      "uv": "1.33.1",
      "zlib": "1.2.11",
      "brotli": "1.0.7",
      "ares": "1.15.0",
      "modules": "72",
      "nghttp2": "1.39.2",
      "napi": "5",
      "llhttp": "1.1.4",
      "http_parser": "2.8.0",
      "openssl": "1.1.1d",
      "cldr": "35.1",
      "icu": "64.2",
      "tz": "2019c",
      "unicode": "12.1"
    },
    "release": {
      "name": "node",
      "lts": "Erbium",
      "headersUrl": "https://nodejs.org/download/release/v12.13.1/node-v12.13.1-headers.tar.gz",
      "sourceUrl": "https://nodejs.org/download/release/v12.13.1/node-v12.13.1.tar.gz"
    },
    "osName": "Darwin",
    "osRelease": "19.0.0",
    "osVersion": "Darwin Kernel Version 19.0.0: Wed Oct 23 18:29:05 PDT 2019; root:xnu-6153.41.3~44/RELEASE_X86_64",
    "osMachine": "x86_64",
    "cpus": [
      {
        "model": "Intel(R) Core(TM) i9-9980HK CPU @ 2.40GHz",
        "speed": 2400,
        "user": 18819090,
        "nice": 0,
        "sys": 15524180,
        "idle": 173886890,
        "irq": 0
      },
      {
        "model": "Intel(R) Core(TM) i9-9980HK CPU @ 2.40GHz",
        "speed": 2400,
        "user": 262740,
        "nice": 0,
        "sys": 280690,
        "idle": 207566470,
        "irq": 0
      },
      {
        "model": "Intel(R) Core(TM) i9-9980HK CPU @ 2.40GHz",
        "speed": 2400,
        "user": 18545560,
        "nice": 0,
        "sys": 8730180,
        "idle": 180835720,
        "irq": 0
      },
      {
        "model": "Intel(R) Core(TM) i9-9980HK CPU @ 2.40GHz",
        "speed": 2400,
        "user": 255180,
        "nice": 0,
        "sys": 236430,
        "idle": 207618230,
        "irq": 0
      },
      {
        "model": "Intel(R) Core(TM) i9-9980HK CPU @ 2.40GHz",
        "speed": 2400,
        "user": 11577320,
        "nice": 0,
        "sys": 6289340,
        "idle": 190244750,
        "irq": 0
      },
      {
        "model": "Intel(R) Core(TM) i9-9980HK CPU @ 2.40GHz",
        "speed": 2400,
        "user": 259550,
        "nice": 0,
        "sys": 211270,
        "idle": 207638940,
        "irq": 0
      },
      {
        "model": "Intel(R) Core(TM) i9-9980HK CPU @ 2.40GHz",
        "speed": 2400,
        "user": 8073420,
        "nice": 0,
        "sys": 4301220,
        "idle": 195736700,
        "irq": 0
      },
      {
        "model": "Intel(R) Core(TM) i9-9980HK CPU @ 2.40GHz",
        "speed": 2400,
        "user": 256600,
        "nice": 0,
        "sys": 188470,
        "idle": 207664630,
        "irq": 0
      },
      {
        "model": "Intel(R) Core(TM) i9-9980HK CPU @ 2.40GHz",
        "speed": 2400,
        "user": 6280430,
        "nice": 0,
        "sys": 3181860,
        "idle": 198649000,
        "irq": 0
      },
      {
        "model": "Intel(R) Core(TM) i9-9980HK CPU @ 2.40GHz",
        "speed": 2400,
        "user": 249820,
        "nice": 0,
        "sys": 171310,
        "idle": 207688500,
        "irq": 0
      },
      {
        "model": "Intel(R) Core(TM) i9-9980HK CPU @ 2.40GHz",
        "speed": 2400,
        "user": 4470080,
        "nice": 0,
        "sys": 2041120,
        "idle": 201600020,
        "irq": 0
      },
      {
        "model": "Intel(R) Core(TM) i9-9980HK CPU @ 2.40GHz",
        "speed": 2400,
        "user": 243440,
        "nice": 0,
        "sys": 155800,
        "idle": 207710330,
        "irq": 0
      },
      {
        "model": "Intel(R) Core(TM) i9-9980HK CPU @ 2.40GHz",
        "speed": 2400,
        "user": 3389740,
        "nice": 0,
        "sys": 1369080,
        "idle": 203352340,
        "irq": 0
      },
      {
        "model": "Intel(R) Core(TM) i9-9980HK CPU @ 2.40GHz",
        "speed": 2400,
        "user": 237100,
        "nice": 0,
        "sys": 143640,
        "idle": 207728750,
        "irq": 0
      },
      {
        "model": "Intel(R) Core(TM) i9-9980HK CPU @ 2.40GHz",
        "speed": 2400,
        "user": 2768240,
        "nice": 0,
        "sys": 980600,
        "idle": 204362240,
        "irq": 0
      },
      {
        "model": "Intel(R) Core(TM) i9-9980HK CPU @ 2.40GHz",
        "speed": 2400,
        "user": 230730,
        "nice": 0,
        "sys": 134650,
        "idle": 207744040,
        "irq": 0
      }
    ],
    "networkInterfaces": [
      {
        "name": "lo0",
        "internal": true,
        "mac": "00:00:00:00:00:00",
        "address": "127.0.0.1",
        "netmask": "255.0.0.0",
        "family": "IPv4"
      },
      {
        "name": "lo0",
        "internal": true,
        "mac": "00:00:00:00:00:00",
        "address": "::1",
        "netmask": "ffff:ffff:ffff:ffff:ffff:ffff:ffff:ffff",
        "family": "IPv6",
        "scopeid": 0
      },
      {
        "name": "lo0",
        "internal": true,
        "mac": "00:00:00:00:00:00",
        "address": "fe80::1",
        "netmask": "ffff:ffff:ffff:ffff::",
        "family": "IPv6",
        "scopeid": 1
      },
      {
        "name": "en5",
        "internal": false,
        "mac": "ac:de:48:00:11:22",
        "address": "fe80::aede:48ff:fe00:1122",
        "netmask": "ffff:ffff:ffff:ffff::",
        "family": "IPv6",
        "scopeid": 4
      },
      {
        "name": "en0",
        "internal": false,
        "mac": "f8:ff:c2:2a:d1:6d",
        "address": "fe80::83f:76b4:1c49:33ce",
        "netmask": "ffff:ffff:ffff:ffff::",
        "family": "IPv6",
        "scopeid": 6
      },
      {
        "name": "en0",
        "internal": false,
        "mac": "f8:ff:c2:2a:d1:6d",
        "address": "172.31.99.140",
        "netmask": "255.255.254.0",
        "family": "IPv4"
      },
      {
        "name": "awdl0",
        "internal": false,
        "mac": "2a:9c:29:2f:28:df",
        "address": "fe80::289c:29ff:fe2f:28df",
        "netmask": "ffff:ffff:ffff:ffff::",
        "family": "IPv6",
        "scopeid": 13
      },
      {
        "name": "llw0",
        "internal": false,
        "mac": "2a:9c:29:2f:28:df",
        "address": "fe80::289c:29ff:fe2f:28df",
        "netmask": "ffff:ffff:ffff:ffff::",
        "family": "IPv6",
        "scopeid": 14
      },
      {
        "name": "utun0",
        "internal": false,
        "mac": "00:00:00:00:00:00",
        "address": "fe80::6959:5700:3027:bd51",
        "netmask": "ffff:ffff:ffff:ffff::",
        "family": "IPv6",
        "scopeid": 15
      },
      {
        "name": "utun1",
        "internal": false,
        "mac": "00:00:00:00:00:00",
        "address": "fe80::f686:60a6:d1d7:1605",
        "netmask": "ffff:ffff:ffff:ffff::",
        "family": "IPv6",
        "scopeid": 16
      }
    ],
    "host": "Jeffreys-MacBook-Pro.local"
  },
  "javascriptStack": {
    "message": "No stack.",
    "stack": [
      "Unavailable."
    ]
  },
  "nativeStack": [
    {
      "pc": "0x000000010014db86",
      "symbol": "report::TriggerNodeReport(v8::Isolate*, node::Environment*, char const*, char const*, std::__1::basic_string<char, std::__1::char_traits<char>, std::__1::allocator<char> > const&, v8::Local<v8::String>) [/usr/local/bin/node]"
    },
    {
      "pc": "0x000000010007eb13",
      "symbol": "node::OnFatalError(char const*, char const*) [/usr/local/bin/node]"
    },
    {
      "pc": "0x0000000100176337",
      "symbol": "v8::Utils::ReportOOMFailure(v8::internal::Isolate*, char const*, bool) [/usr/local/bin/node]"
    },
    {
      "pc": "0x00000001001762d3",
      "symbol": "v8::internal::V8::FatalProcessOutOfMemory(v8::internal::Isolate*, char const*, bool) [/usr/local/bin/node]"
    },
    {
      "pc": "0x00000001002fa485",
      "symbol": "v8::internal::Heap::FatalProcessOutOfMemory(char const*) [/usr/local/bin/node]"
    },
    {
      "pc": "0x00000001002fbb54",
      "symbol": "v8::internal::Heap::RecomputeLimits(v8::internal::GarbageCollector) [/usr/local/bin/node]"
    },
    {
      "pc": "0x00000001002f8a27",
      "symbol": "v8::internal::Heap::PerformGarbageCollection(v8::internal::GarbageCollector, v8::GCCallbackFlags) [/usr/local/bin/node]"
    },
    {
      "pc": "0x00000001002f6a0d",
      "symbol": "v8::internal::Heap::CollectGarbage(v8::internal::AllocationSpace, v8::internal::GarbageCollectionReason, v8::GCCallbackFlags) [/usr/local/bin/node]"
    },
    {
      "pc": "0x0000000100302124",
      "symbol": "v8::internal::Heap::AllocateRawWithLightRetry(int, v8::internal::AllocationType, v8::internal::AllocationAlignment) [/usr/local/bin/node]"
    },
    {
      "pc": "0x000000010030219f",
      "symbol": "v8::internal::Heap::AllocateRawWithRetryOrFail(int, v8::internal::AllocationType, v8::internal::AllocationAlignment) [/usr/local/bin/node]"
    },
    {
      "pc": "0x00000001002ced97",
      "symbol": "v8::internal::Factory::NewFillerObject(int, bool, v8::internal::AllocationType) [/usr/local/bin/node]"
    },
    {
      "pc": "0x00000001005f83e5",
      "symbol": "v8::internal::Runtime_AllocateInYoungGeneration(int, unsigned long*, v8::internal::Isolate*) [/usr/local/bin/node]"
    },
    {
      "pc": "0x0000000100930c99",
      "symbol": "Builtins_CEntry_Return1_DontSaveFPRegs_ArgvOnStack_NoBuiltinExit [/usr/local/bin/node]"
    }
  ],
  "javascriptHeap": {
    "totalMemory": 2173329408,
    "totalCommittedMemory": 2172780240,
    "usedMemory": 2083243720,
    "availableMemory": 55629536,
    "memoryLimit": 2197815296,
    "heapSpaces": {
      "read_only_space": {
        "memorySize": 262144,
        "committedMemory": 32568,
        "capacity": 261872,
        "used": 32296,
        "available": 229576
      },
      "new_space": {
        "memorySize": 33554432,
        "committedMemory": 33554024,
        "capacity": 16759808,
        "used": 2646080,
        "available": 14113728
      },
      "old_space": {
        "memorySize": 1448980480,
        "committedMemory": 1448938032,
        "capacity": 1405932936,
        "used": 1405892400,
        "available": 40536
      },
      "code_space": {
        "memorySize": 6979584,
        "committedMemory": 6856736,
        "capacity": 6124384,
        "used": 6124384,
        "available": 0
      },
      "map_space": {
        "memorySize": 100143104,
        "committedMemory": 99989216,
        "capacity": 85682240,
        "used": 85682240,
        "available": 0
      },
      "large_object_space": {
        "memorySize": 582500352,
        "committedMemory": 582500352,
        "capacity": 582044400,
        "used": 582044400,
        "available": 0
      },
      "code_large_object_space": {
        "memorySize": 909312,
        "committedMemory": 909312,
        "capacity": 821920,
        "used": 821920,
        "available": 0
      },
      "new_large_object_space": {
        "memorySize": 0,
        "committedMemory": 0,
        "capacity": 16759808,
        "used": 0,
        "available": 16759808
      }
    }
  },
  "resourceUsage": {
    "userCpuSeconds": 726.565,
    "kernelCpuSeconds": 23.2866,
    "cpuConsumptionPercent": 2.93117,
    "maxRss": 2474266066944,
    "pageFaults": {
      "IORequired": 2201,
      "IONotRequired": 8037429
    },
    "fsActivity": {
      "reads": 0,
      "writes": 0
    }
  },
  "libuv": [
  ],
  "environmentVariables": {
    "SPACESHIP_VERSION": "3.11.2",
    "rvm_use_flag": "",
    "TERM_PROGRAM": "iTerm.app",
    "rvm_bin_path": "/Users/jeffreybiles/.rvm/bin",
    "NODE": "/usr/local/bin/node",
    "INIT_CWD": "/Users/jeffreybiles/vuescreencasts/core-nuxt-app",
    "rvm_quiet_flag": "",
    "GEM_HOME": "/Users/jeffreybiles/.rvm/gems/ruby-2.5.3",
    "npm_config_version_git_tag": "true",
    "SHELL": "/bin/zsh",
    "TERM": "xterm-256color",
    "rvm_gemstone_url": "",
    "TMPDIR": "/var/folders/_2/tlcj5r1j75g634tb1vrjmy8c0000gn/T/",
    "IRBRC": "/Users/jeffreybiles/.rvm/rubies/ruby-2.5.3/.irbrc",
    "rvm_docs_type": "",
    "npm_package_dependencies_vuetify_datetime_picker": "^2.1.1",
    "npm_package_dependencies__nuxtjs_axios": "^5.8.0",
    "npm_package_scripts_lint": "eslint --ext .js,.vue --ignore-path .gitignore .",
    "npm_config_init_license": "MIT",
    "TERM_PROGRAM_VERSION": "3.3.7",
    "npm_package_scripts_dev": "nuxt",
    "TERM_SESSION_ID": "w0t0p1:3342DA53-9EEB-4A41-8D15-48026797B1CD",
    "MY_RUBY_HOME": "/Users/jeffreybiles/.rvm/rubies/ruby-2.5.3",
    "rvm_hook": "",
    "npm_package_dependencies_vue_video_player": "^5.0.2",
    "npm_package_scripts_heroku_postbuild": "nuxt build",
    "npm_package_private": "true",
    "npm_config_registry": "https://registry.yarnpkg.com",
    "ZSH": "/Users/jeffreybiles/.oh-my-zsh",
    "npm_package_scripts_generate": "nuxt generate",
    "npm_package_readmeFilename": "README.md",
    "USER": "jeffreybiles",
    "npm_package_description": "A site to view screencasts about Vue",
    "rvm_gemstone_package_file": "",
    "COMMAND_MODE": "unix2003",
    "npm_package_dependencies__nuxtjs_pwa": "^3.0.0-0",
    "rvm_path": "/Users/jeffreybiles/.rvm",
    "SSH_AUTH_SOCK": "/private/tmp/com.apple.launchd.DWXGH5Lldo/Listeners",
    "npm_package_devDependencies__nuxtjs_vuetify": "^2.0.0-alpha.0",
    "__CF_USER_TEXT_ENCODING": "0x1F5:0x0:0x0",
    "npm_package_dependencies_highlight_js": "^9.16.2",
    "rvm_proxy": "",
    "npm_execpath": "/Users/jeffreybiles/.npm-global/lib/node_modules/yarn/bin/yarn.js",
    "PAGER": "less",
    "rvm_ruby_file": "",
    "npm_package_dependencies_marked": "^0.7.0",
    "npm_package_author_name": "jeffreybiles",
    "LSCOLORS": "Gxfxcxdxbxegedabagacad",
    "npm_package_dependencies_nuxt_fontawesome": "^0.4.0",
    "rvm_prefix": "/Users/jeffreybiles",
    "rvm_silent_flag": "",
    "PATH": "/var/folders/_2/tlcj5r1j75g634tb1vrjmy8c0000gn/T/yarn--1575315644580-0.6944093692244524:/Users/jeffreybiles/vuescreencasts/core-nuxt-app/node_modules/.bin:/Users/jeffreybiles/.config/yarn/link/node_modules/.bin:/usr/local/libexec/lib/node_modules/npm/bin/node-gyp-bin:/usr/local/lib/node_modules/npm/bin/node-gyp-bin:/usr/local/bin/node_modules/npm/bin/node-gyp-bin:/Users/jeffreybiles/.rvm/gems/ruby-2.5.3/bin:/Users/jeffreybiles/.rvm/gems/ruby-2.5.3@global/bin:/Users/jeffreybiles/.rvm/rubies/ruby-2.5.3/bin:/Users/jeffreybiles/.npm-global/bin:/usr/local/bin:/usr/bin:/bin:/usr/sbin:/sbin:/Users/jeffreybiles/.rvm/bin",
    "rvm_ruby_make": "",
    "npm_config_argv": "{\"remain\":[],\"cooked\":[\"run\",\"dev\"],\"original\":[\"dev\"]}",
    "npm_package_dependencies_aws_s3": "^2.0.5",
    "npm_package_dependencies__fortawesome_free_solid_svg_icons": "^5.11.2",
    "_": "/Users/jeffreybiles/vuescreencasts/core-nuxt-app/node_modules/.bin/nuxt",
    "PWD": "/Users/jeffreybiles/vuescreencasts/core-nuxt-app",
    "npm_lifecycle_event": "dev",
    "LANG": "en_US.UTF-8",
    "rvm_sdk": "",
    "npm_package_name": "vue-screencasts-nuxt",
    "ITERM_PROFILE": "Default",
    "npm_package_scripts_start": "nuxt start",
    "npm_package_scripts_build": "nuxt build",
    "npm_config_version_commit_hooks": "true",
    "XPC_FLAGS": "0x0",
    "npm_package_dependencies__nuxtjs_auth": "^4.8.4",
    "npm_config_bin_links": "true",
    "npm_package_dependencies_vuetify": "^2.1.12",
    "XPC_SERVICE_NAME": "0",
    "SPACESHIP_ROOT": "/Users/jeffreybiles/.oh-my-zsh/custom/themes/spaceship-prompt",
    "npm_package_version": "1.0.0",
    "rvm_version": "1.29.9 (latest)",
    "COLORFGBG": "7;0",
    "SHLVL": "3",
    "HOME": "/Users/jeffreybiles",
    "rvm_pretty_print_flag": "",
    "rvm_script_name": "",
    "rvm_ruby_mode": "",
    "LC_TERMINAL_VERSION": "3.3.7",
    "npm_config_save_prefix": "^",
    "npm_config_strict_ssl": "true",
    "npm_config_version_git_message": "v%s",
    "ITERM_SESSION_ID": "w0t0p1:3342DA53-9EEB-4A41-8D15-48026797B1CD",
    "LOGNAME": "jeffreybiles",
    "LESS": "-R",
    "YARN_WRAP_OUTPUT": "false",
    "rvm_alias_expanded": "",
    "npm_lifecycle_script": "nuxt",
    "GEM_PATH": "/Users/jeffreybiles/.rvm/gems/ruby-2.5.3:/Users/jeffreybiles/.rvm/gems/ruby-2.5.3@global",
    "rvm_nightly_flag": "",
    "npm_config_version_git_sign": "",
    "npm_config_ignore_scripts": "",
    "npm_config_user_agent": "yarn/1.19.2 npm/? node/v12.13.1 darwin x64",
    "rvm_ruby_make_install": "",
    "LC_TERMINAL": "iTerm2",
    "rvm_niceness": "",
    "npm_package_dependencies_nuxt": "^2.10.2",
    "rvm_ruby_bits": "",
    "rvm_bin_flag": "",
    "npm_config_init_version": "1.0.0",
    "npm_config_ignore_optional": "",
    "RUBY_VERSION": "ruby-2.5.3",
    "rvm_only_path_flag": "",
    "npm_package_dependencies_rsvp": "^4.8.5",
    "COLORTERM": "truecolor",
    "npm_node_execpath": "/usr/local/bin/node",
    "npm_config_version_tag_prefix": "v",
    "npm_config_prefix": "/Users/jeffreybiles/.npm-global",
    "NODE_ENV": "development",
    "_AXIOS_BASE_URL_": "http://localhost:3000/api",
    "VUE_ENV": "server"
  },
  "userLimits": {
    "core_file_size_blocks": {
      "soft": 0,
      "hard": "unlimited"
    },
    "data_seg_size_kbytes": {
      "soft": "unlimited",
      "hard": "unlimited"
    },
    "file_size_blocks": {
      "soft": "unlimited",
      "hard": "unlimited"
    },
    "max_locked_memory_bytes": {
      "soft": "unlimited",
      "hard": "unlimited"
    },
    "max_memory_size_kbytes": {
      "soft": "unlimited",
      "hard": "unlimited"
    },
    "open_files": {
      "soft": 49152,
      "hard": "unlimited"
    },
    "stack_size_bytes": {
      "soft": 8388608,
      "hard": 67104768
    },
    "cpu_time_seconds": {
      "soft": "unlimited",
      "hard": "unlimited"
    },
    "max_user_processes": {
      "soft": 5568,
      "hard": 5568
    },
    "virtual_memory_kbytes": {
      "soft": "unlimited",
      "hard": "unlimited"
    }
  },
  "sharedObjects": [
    "/usr/local/bin/node",
    "/System/Library/Frameworks/CoreFoundation.framework/Versions/A/CoreFoundation",
    "/usr/lib/libSystem.B.dylib",
    "/usr/lib/libc++.1.dylib",
    "/usr/lib/libobjc.A.dylib",
    "/usr/lib/libfakelink.dylib",
    "/usr/lib/libDiagnosticMessagesClient.dylib",
    "/usr/lib/libicucore.A.dylib",
    "/usr/lib/libz.1.dylib",
    "/usr/lib/libc++abi.dylib",
    "/usr/lib/system/libcache.dylib",
    "/usr/lib/system/libcommonCrypto.dylib",
    "/usr/lib/system/libcompiler_rt.dylib",
    "/usr/lib/system/libcopyfile.dylib",
    "/usr/lib/system/libcorecrypto.dylib",
    "/usr/lib/system/libdispatch.dylib",
    "/usr/lib/system/libdyld.dylib",
    "/usr/lib/system/libkeymgr.dylib",
    "/usr/lib/system/liblaunch.dylib",
    "/usr/lib/system/libmacho.dylib",
    "/usr/lib/system/libquarantine.dylib",
    "/usr/lib/system/libremovefile.dylib",
    "/usr/lib/system/libsystem_asl.dylib",
    "/usr/lib/system/libsystem_blocks.dylib",
    "/usr/lib/system/libsystem_c.dylib",
    "/usr/lib/system/libsystem_configuration.dylib",
    "/usr/lib/system/libsystem_coreservices.dylib",
    "/usr/lib/system/libsystem_darwin.dylib",
    "/usr/lib/system/libsystem_dnssd.dylib",
    "/usr/lib/system/libsystem_featureflags.dylib",
    "/usr/lib/system/libsystem_info.dylib",
    "/usr/lib/system/libsystem_m.dylib",
    "/usr/lib/system/libsystem_malloc.dylib",
    "/usr/lib/system/libsystem_networkextension.dylib",
    "/usr/lib/system/libsystem_notify.dylib",
    "/usr/lib/system/libsystem_sandbox.dylib",
    "/usr/lib/system/libsystem_secinit.dylib",
    "/usr/lib/system/libsystem_kernel.dylib",
    "/usr/lib/system/libsystem_platform.dylib",
    "/usr/lib/system/libsystem_pthread.dylib",
    "/usr/lib/system/libsystem_symptoms.dylib",
    "/usr/lib/system/libsystem_trace.dylib",
    "/usr/lib/system/libunwind.dylib",
    "/usr/lib/system/libxpc.dylib",
    "/System/Library/Frameworks/ApplicationServices.framework/Versions/A/ApplicationServices",
    "/System/Library/Frameworks/CoreGraphics.framework/Versions/A/CoreGraphics",
    "/System/Library/Frameworks/CoreText.framework/Versions/A/CoreText",
    "/System/Library/Frameworks/ImageIO.framework/Versions/A/ImageIO",
    "/System/Library/Frameworks/ColorSync.framework/Versions/A/ColorSync",
    "/System/Library/Frameworks/ApplicationServices.framework/Versions/A/Frameworks/ATS.framework/Versions/A/ATS",
    "/System/Library/Frameworks/ApplicationServices.framework/Versions/A/Frameworks/ColorSyncLegacy.framework/Versions/A/ColorSyncLegacy",
    "/System/Library/Frameworks/CoreServices.framework/Versions/A/CoreServices",
    "/System/Library/Frameworks/ApplicationServices.framework/Versions/A/Frameworks/HIServices.framework/Versions/A/HIServices",
    "/System/Library/Frameworks/ApplicationServices.framework/Versions/A/Frameworks/LangAnalysis.framework/Versions/A/LangAnalysis",
    "/System/Library/Frameworks/ApplicationServices.framework/Versions/A/Frameworks/PrintCore.framework/Versions/A/PrintCore",
    "/System/Library/Frameworks/ApplicationServices.framework/Versions/A/Frameworks/QD.framework/Versions/A/QD",
    "/System/Library/Frameworks/ApplicationServices.framework/Versions/A/Frameworks/SpeechSynthesis.framework/Versions/A/SpeechSynthesis",
    "/System/Library/PrivateFrameworks/SkyLight.framework/Versions/A/SkyLight",
    "/System/Library/PrivateFrameworks/FontServices.framework/libFontParser.dylib",
    "/System/Library/Frameworks/Accelerate.framework/Versions/A/Accelerate",
    "/System/Library/Frameworks/IOSurface.framework/Versions/A/IOSurface",
    "/usr/lib/libxml2.2.dylib",
    "/System/Library/Frameworks/CFNetwork.framework/Versions/A/CFNetwork",
    "/System/Library/Frameworks/Foundation.framework/Versions/C/Foundation",
    "/System/Library/PrivateFrameworks/WatchdogClient.framework/Versions/A/WatchdogClient",
    "/usr/lib/libcompression.dylib",
    "/System/Library/Frameworks/SystemConfiguration.framework/Versions/A/SystemConfiguration",
    "/System/Library/Frameworks/CoreDisplay.framework/Versions/A/CoreDisplay",
    "/System/Library/PrivateFrameworks/IOAccelerator.framework/Versions/A/IOAccelerator",
    "/System/Library/Frameworks/IOKit.framework/Versions/A/IOKit",
    "/System/Library/Frameworks/Metal.framework/Versions/A/Metal",
    "/System/Library/Frameworks/MetalPerformanceShaders.framework/Versions/A/MetalPerformanceShaders",
    "/System/Library/PrivateFrameworks/MultitouchSupport.framework/Versions/A/MultitouchSupport",
    "/System/Library/Frameworks/Security.framework/Versions/A/Security",
    "/System/Library/Frameworks/QuartzCore.framework/Versions/A/QuartzCore",
    "/usr/lib/libbsm.0.dylib",
    "/usr/lib/liblzma.5.dylib",
    "/usr/lib/libauto.dylib",
    "/System/Library/Frameworks/DiskArbitration.framework/Versions/A/DiskArbitration",
    "/usr/lib/libarchive.2.dylib",
    "/usr/lib/liblangid.dylib",
    "/usr/lib/libCRFSuite.dylib",
    "/usr/lib/libenergytrace.dylib",
    "/usr/lib/system/libkxld.dylib",
    "/System/Library/PrivateFrameworks/AppleFSCompression.framework/Versions/A/AppleFSCompression",
    "/usr/lib/libcoretls.dylib",
    "/usr/lib/libcoretls_cfhelpers.dylib",
    "/usr/lib/libpam.2.dylib",
    "/usr/lib/libsqlite3.dylib",
    "/usr/lib/libxar.1.dylib",
    "/usr/lib/libbz2.1.0.dylib",
    "/usr/lib/libiconv.2.dylib",
    "/usr/lib/libcharset.1.dylib",
    "/usr/lib/libnetwork.dylib",
    "/usr/lib/libpcap.A.dylib",
    "/usr/lib/libapple_nghttp2.dylib",
    "/System/Library/Frameworks/CoreServices.framework/Versions/A/Frameworks/FSEvents.framework/Versions/A/FSEvents",
    "/System/Library/Frameworks/CoreServices.framework/Versions/A/Frameworks/CarbonCore.framework/Versions/A/CarbonCore",
    "/System/Library/Frameworks/CoreServices.framework/Versions/A/Frameworks/Metadata.framework/Versions/A/Metadata",
    "/System/Library/Frameworks/CoreServices.framework/Versions/A/Frameworks/OSServices.framework/Versions/A/OSServices",
    "/System/Library/Frameworks/CoreServices.framework/Versions/A/Frameworks/SearchKit.framework/Versions/A/SearchKit",
    "/System/Library/Frameworks/CoreServices.framework/Versions/A/Frameworks/AE.framework/Versions/A/AE",
    "/System/Library/Frameworks/CoreServices.framework/Versions/A/Frameworks/LaunchServices.framework/Versions/A/LaunchServices",
    "/System/Library/Frameworks/CoreServices.framework/Versions/A/Frameworks/DictionaryServices.framework/Versions/A/DictionaryServices",
    "/System/Library/Frameworks/CoreServices.framework/Versions/A/Frameworks/SharedFileList.framework/Versions/A/SharedFileList",
    "/System/Library/Frameworks/NetFS.framework/Versions/A/NetFS",
    "/System/Library/PrivateFrameworks/NetAuth.framework/Versions/A/NetAuth",
    "/System/Library/PrivateFrameworks/login.framework/Versions/A/Frameworks/loginsupport.framework/Versions/A/loginsupport",
    "/System/Library/PrivateFrameworks/TCC.framework/Versions/A/TCC",
    "/System/Library/PrivateFrameworks/CoreNLP.framework/Versions/A/CoreNLP",
    "/System/Library/PrivateFrameworks/MetadataUtilities.framework/Versions/A/MetadataUtilities",
    "/usr/lib/libmecabra.dylib",
    "/usr/lib/libmecab.dylib",
    "/usr/lib/libgermantok.dylib",
    "/usr/lib/libThaiTokenizer.dylib",
    "/usr/lib/libChineseTokenizer.dylib",
    "/System/Library/Frameworks/Accelerate.framework/Versions/A/Frameworks/vImage.framework/Versions/A/vImage",
    "/System/Library/Frameworks/Accelerate.framework/Versions/A/Frameworks/vecLib.framework/Versions/A/vecLib",
    "/System/Library/Frameworks/Accelerate.framework/Versions/A/Frameworks/vecLib.framework/Versions/A/libvMisc.dylib",
    "/System/Library/Frameworks/Accelerate.framework/Versions/A/Frameworks/vecLib.framework/Versions/A/libvDSP.dylib",
    "/System/Library/Frameworks/Accelerate.framework/Versions/A/Frameworks/vecLib.framework/Versions/A/libBLAS.dylib",
    "/System/Library/Frameworks/Accelerate.framework/Versions/A/Frameworks/vecLib.framework/Versions/A/libLAPACK.dylib",
    "/System/Library/Frameworks/Accelerate.framework/Versions/A/Frameworks/vecLib.framework/Versions/A/libLinearAlgebra.dylib",
    "/System/Library/Frameworks/Accelerate.framework/Versions/A/Frameworks/vecLib.framework/Versions/A/libSparseBLAS.dylib",
    "/System/Library/Frameworks/Accelerate.framework/Versions/A/Frameworks/vecLib.framework/Versions/A/libQuadrature.dylib",
    "/System/Library/Frameworks/Accelerate.framework/Versions/A/Frameworks/vecLib.framework/Versions/A/libBNNS.dylib",
    "/System/Library/Frameworks/Accelerate.framework/Versions/A/Frameworks/vecLib.framework/Versions/A/libSparse.dylib",
    "/System/Library/PrivateFrameworks/LanguageModeling.framework/Versions/A/LanguageModeling",
    "/System/Library/PrivateFrameworks/CoreEmoji.framework/Versions/A/CoreEmoji",
    "/System/Library/PrivateFrameworks/LinguisticData.framework/Versions/A/LinguisticData",
    "/System/Library/PrivateFrameworks/Lexicon.framework/Versions/A/Lexicon",
    "/usr/lib/libcmph.dylib",
    "/System/Library/Frameworks/OpenDirectory.framework/Versions/A/Frameworks/CFOpenDirectory.framework/Versions/A/CFOpenDirectory",
    "/System/Library/Frameworks/OpenDirectory.framework/Versions/A/OpenDirectory",
    "/System/Library/PrivateFrameworks/APFS.framework/Versions/A/APFS",
    "/System/Library/Frameworks/SecurityFoundation.framework/Versions/A/SecurityFoundation",
    "/usr/lib/libutil.dylib",
    "/System/Library/PrivateFrameworks/CoreServicesStore.framework/Versions/A/CoreServicesStore",
    "/System/Library/Frameworks/ServiceManagement.framework/Versions/A/ServiceManagement",
    "/System/Library/PrivateFrameworks/BackgroundTaskManagement.framework/Versions/A/BackgroundTaskManagement",
    "/usr/lib/libxslt.1.dylib",
    "/System/Library/PrivateFrameworks/GPUWrangler.framework/Versions/A/GPUWrangler",
    "/System/Library/PrivateFrameworks/IOPresentment.framework/Versions/A/IOPresentment",
    "/System/Library/PrivateFrameworks/DSExternalDisplay.framework/Versions/A/DSExternalDisplay",
    "/System/Library/Frameworks/OpenGL.framework/Versions/A/Libraries/libCoreFSCache.dylib",
    "/System/Library/Frameworks/MetalPerformanceShaders.framework/Frameworks/MPSCore.framework/Versions/A/MPSCore",
    "/System/Library/Frameworks/MetalPerformanceShaders.framework/Frameworks/MPSImage.framework/Versions/A/MPSImage",
    "/System/Library/Frameworks/MetalPerformanceShaders.framework/Frameworks/MPSNeuralNetwork.framework/Versions/A/MPSNeuralNetwork",
    "/System/Library/Frameworks/MetalPerformanceShaders.framework/Frameworks/MPSMatrix.framework/Versions/A/MPSMatrix",
    "/System/Library/Frameworks/MetalPerformanceShaders.framework/Frameworks/MPSRayIntersector.framework/Versions/A/MPSRayIntersector",
    "/System/Library/Frameworks/MetalPerformanceShaders.framework/Frameworks/MPSNDArray.framework/Versions/A/MPSNDArray",
    "/System/Library/PrivateFrameworks/MetalTools.framework/Versions/A/MetalTools",
    "/System/Library/PrivateFrameworks/AggregateDictionary.framework/Versions/A/AggregateDictionary",
    "/System/Library/PrivateFrameworks/CoreAnalytics.framework/Versions/A/CoreAnalytics",
    "/System/Library/PrivateFrameworks/AppleSauce.framework/Versions/A/AppleSauce",
    "/usr/lib/libMobileGestalt.dylib",
    "/System/Library/PrivateFrameworks/AppleSystemInfo.framework/Versions/A/AppleSystemInfo",
    "/usr/lib/libIOReport.dylib",
    "/System/Library/Frameworks/CoreImage.framework/Versions/A/CoreImage",
    "/System/Library/Frameworks/CoreVideo.framework/Versions/A/CoreVideo",
    "/System/Library/Frameworks/OpenGL.framework/Versions/A/OpenGL",
    "/System/Library/PrivateFrameworks/GraphVisualizer.framework/Versions/A/GraphVisualizer",
    "/System/Library/PrivateFrameworks/FaceCore.framework/Versions/A/FaceCore",
    "/System/Library/Frameworks/OpenCL.framework/Versions/A/OpenCL",
    "/usr/lib/libFosl_dynamic.dylib",
    "/System/Library/PrivateFrameworks/OTSVG.framework/Versions/A/OTSVG",
    "/System/Library/Frameworks/ApplicationServices.framework/Versions/A/Frameworks/ATS.framework/Versions/A/Resources/libFontRegistry.dylib",
    "/usr/lib/libate.dylib",
    "/System/Library/Frameworks/ImageIO.framework/Versions/A/Resources/libJPEG.dylib",
    "/System/Library/Frameworks/ImageIO.framework/Versions/A/Resources/libTIFF.dylib",
    "/System/Library/Frameworks/ImageIO.framework/Versions/A/Resources/libPng.dylib",
    "/System/Library/Frameworks/ImageIO.framework/Versions/A/Resources/libGIF.dylib",
    "/System/Library/Frameworks/ImageIO.framework/Versions/A/Resources/libJP2.dylib",
    "/System/Library/Frameworks/ImageIO.framework/Versions/A/Resources/libRadiance.dylib",
    "/usr/lib/libexpat.1.dylib",
    "/System/Library/PrivateFrameworks/AppleJPEG.framework/Versions/A/AppleJPEG",
    "/System/Library/PrivateFrameworks/FontServices.framework/libhvf.dylib",
    "/System/Library/Frameworks/OpenGL.framework/Versions/A/Libraries/libGFXShared.dylib",
    "/System/Library/Frameworks/OpenGL.framework/Versions/A/Libraries/libGLU.dylib",
    "/System/Library/Frameworks/OpenGL.framework/Versions/A/Libraries/libGL.dylib",
    "/System/Library/Frameworks/OpenGL.framework/Versions/A/Libraries/libGLImage.dylib",
    "/System/Library/Frameworks/OpenGL.framework/Versions/A/Libraries/libCVMSPluginSupport.dylib",
    "/System/Library/Frameworks/OpenGL.framework/Versions/A/Libraries/libCoreVMClient.dylib",
    "/usr/lib/libncurses.5.4.dylib",
    "/System/Library/Frameworks/ApplicationServices.framework/Versions/A/Frameworks/ATSUI.framework/Versions/A/ATSUI",
    "/usr/lib/libcups.2.dylib",
    "/System/Library/Frameworks/Kerberos.framework/Versions/A/Kerberos",
    "/System/Library/Frameworks/GSS.framework/Versions/A/GSS",
    "/usr/lib/libresolv.9.dylib",
    "/System/Library/PrivateFrameworks/Heimdal.framework/Versions/A/Heimdal",
    "/System/Library/Frameworks/Kerberos.framework/Versions/A/Libraries/libHeimdalProxy.dylib",
    "/usr/lib/libheimdal-asn1.dylib",
    "/System/Library/PrivateFrameworks/CommonAuth.framework/Versions/A/CommonAuth",
    "/System/Library/Frameworks/CoreAudio.framework/Versions/A/CoreAudio",
    "/System/Library/Frameworks/AudioToolbox.framework/Versions/A/AudioToolbox",
    "/System/Library/PrivateFrameworks/AssertionServices.framework/Versions/A/AssertionServices",
    "/System/Library/PrivateFrameworks/AudioToolboxCore.framework/Versions/A/AudioToolboxCore",
    "/System/Library/PrivateFrameworks/caulk.framework/Versions/A/caulk",
    "/System/Library/PrivateFrameworks/BaseBoard.framework/Versions/A/BaseBoard",
    "/System/Library/PrivateFrameworks/RunningBoardServices.framework/Versions/A/RunningBoardServices",
    "/System/Library/PrivateFrameworks/PersistentConnection.framework/Versions/A/PersistentConnection",
    "/System/Library/PrivateFrameworks/ProtocolBuffer.framework/Versions/A/ProtocolBuffer",
    "/System/Library/PrivateFrameworks/CommonUtilities.framework/Versions/A/CommonUtilities",
    "/System/Library/PrivateFrameworks/Bom.framework/Versions/A/Bom",
    "/usr/lib/libAudioToolboxUtility.dylib",
    "/Users/jeffreybiles/vuescreencasts/core-nuxt-app/node_modules/fsevents/fsevents.node",
    "/Users/jeffreybiles/vuescreencasts/core-nuxt-app/node_modules/fibers/bin/darwin-x64-72/fibers.node",
    "/Users/jeffreybiles/vuescreencasts/core-nuxt-app/node_modules/watchpack/node_modules/fsevents/lib/binding/Release/node-v72-darwin-x64/fse.node"
  ]
}